********************************************************************************
Email stored not sent on 2024-03-10 13:53:19.158084: Price Spike BUTTER

Spike found in prices for BUTTER/20240600: need to manually check by running interactive_manual_check_historical_prices
********************************************************************************

********************************************************************************
Email stored not sent on 2024-03-10 14:14:00.152249: Price Spike HOUSE-US

Spike found in prices for HOUSE-US/20241100: need to manually check by running interactive_manual_check_historical_prices
********************************************************************************

********************************************************************************
Email stored not sent on 2024-03-10 14:18:32.247213: Price Spike MILKDRY

Spike found in prices for MILKDRY/20240900: need to manually check by running interactive_manual_check_historical_prices
********************************************************************************

********************************************************************************
Email stored not sent on 2024-03-10 14:34:49.359014: Price Spike WHEY

Spike found in prices for WHEY/20240500: need to manually check by running interactive_manual_check_historical_prices
********************************************************************************

********************************************************************************
Email stored not sent on 2024-03-10 14:34:51.392876: Price Spike WHEY

To reduce email load, won't send any more emails with this subject today. Use 'interactive_diagnostics', 'logs, emails, and errors' to see stored messages
********************************************************************************

********************************************************************************
Email stored not sent on 2024-03-10 14:34:51.395873: Price Spike WHEY

Spike found in prices for WHEY/20240600: need to manually check by running interactive_manual_check_historical_prices
********************************************************************************

********************************************************************************
Email stored not sent on 2024-03-31 00:28:39.475925: Price Spike CNH

Spike found in prices for CNH/20240400: need to manually check by running interactive_manual_check_historical_prices
********************************************************************************

********************************************************************************
Email stored not sent on 2024-03-31 00:28:42.306163: Price Spike CNH

To reduce email load, won't send any more emails with this subject today. Use 'interactive_diagnostics', 'Emails' to see stored messages
********************************************************************************

********************************************************************************
Email stored not sent on 2024-03-31 00:28:42.308180: Price Spike CNH

Spike found in prices for CNH/20240500: need to manually check by running interactive_manual_check_historical_prices
********************************************************************************

********************************************************************************
Email stored not sent on 2024-03-31 00:28:44.686230: Price Spike CNH

Spike found in prices for CNH/20240600: need to manually check by running interactive_manual_check_historical_prices
********************************************************************************

********************************************************************************
Email stored not sent on 2024-03-31 00:29:56.675682: Price Spike CORN

Spike found in prices for CORN/20241200: need to manually check by running interactive_manual_check_historical_prices
********************************************************************************

********************************************************************************
Email stored not sent on 2024-03-31 00:30:07.023376: Price Spike CORN

To reduce email load, won't send any more emails with this subject today. Use 'interactive_diagnostics', 'Emails' to see stored messages
********************************************************************************

********************************************************************************
Email stored not sent on 2024-03-31 00:30:07.026373: Price Spike CORN

Spike found in prices for CORN/20260300: need to manually check by running interactive_manual_check_historical_prices
********************************************************************************

********************************************************************************
Email stored not sent on 2024-04-03 10:25:44.140488: Price Spike ALUMINIUM

Spike found in prices for ALUMINIUM/20240800: need to manually check by running interactive_manual_check_historical_prices
********************************************************************************

********************************************************************************
Email stored not sent on 2024-04-03 10:27:31.701118: Price Spike BUTTER

Spike found in prices for BUTTER/20240700: need to manually check by running interactive_manual_check_historical_prices
********************************************************************************

********************************************************************************
Email stored not sent on 2024-04-03 10:29:08.775856: Price Spike CNH

Spike found in prices for CNH/20240400: need to manually check by running interactive_manual_check_historical_prices
********************************************************************************

********************************************************************************
Email stored not sent on 2024-04-03 10:29:10.889093: Price Spike CNH

Spike found in prices for CNH/20240500: need to manually check by running interactive_manual_check_historical_prices
********************************************************************************

********************************************************************************
Email stored not sent on 2024-04-03 10:29:13.419287: Price Spike CNH

Spike found in prices for CNH/20240600: need to manually check by running interactive_manual_check_historical_prices
********************************************************************************

********************************************************************************
Email stored not sent on 2024-04-03 10:29:15.596534: Price Spike CNH

Spike found in prices for CNH/20240700: need to manually check by running interactive_manual_check_historical_prices
********************************************************************************

********************************************************************************
Email stored not sent on 2024-04-03 10:30:10.898924: Price Spike CORN

Spike found in prices for CORN/20241200: need to manually check by running interactive_manual_check_historical_prices
********************************************************************************

********************************************************************************
Email stored not sent on 2024-04-03 10:30:20.305909: Price Spike CORN

Spike found in prices for CORN/20260300: need to manually check by running interactive_manual_check_historical_prices
********************************************************************************

********************************************************************************
Email stored not sent on 2024-04-03 10:49:18.665067: Price Spike LIVECOW

Spike found in prices for LIVECOW/20240800: need to manually check by running interactive_manual_check_historical_prices
********************************************************************************

********************************************************************************
Email stored not sent on 2024-04-03 10:49:20.097827: Price Spike LIVECOW

Spike found in prices for LIVECOW/20241000: need to manually check by running interactive_manual_check_historical_prices
********************************************************************************

********************************************************************************
Email stored not sent on 2024-04-03 10:50:58.492230: Price Spike MILKWET

Spike found in prices for MILKWET/20240800: need to manually check by running interactive_manual_check_historical_prices
********************************************************************************

********************************************************************************
Email stored not sent on 2024-04-03 10:51:01.491706: Price Spike MILKWET

To reduce email load, won't send any more emails with this subject today. Use 'interactive_diagnostics', 'Emails' to see stored messages
********************************************************************************

********************************************************************************
Email stored not sent on 2024-04-03 10:51:01.494705: Price Spike MILKWET

Spike found in prices for MILKWET/20240900: need to manually check by running interactive_manual_check_historical_prices
********************************************************************************

********************************************************************************
Email stored not sent on 2024-04-03 10:54:24.780176: Price Spike RUBBER

Spike found in prices for RUBBER/20240800: need to manually check by running interactive_manual_check_historical_prices
********************************************************************************

********************************************************************************
Email stored not sent on 2024-04-03 11:05:11.426093: Price Spike WHEY

Spike found in prices for WHEY/20240700: need to manually check by running interactive_manual_check_historical_prices
********************************************************************************

********************************************************************************
Email stored not sent on 2024-04-03 15:54:46.392823: Price Spike ALUMINIUM

To reduce email load, won't send any more emails with this subject today. Use 'interactive_diagnostics', 'Emails' to see stored messages
********************************************************************************

********************************************************************************
Email stored not sent on 2024-04-03 15:54:46.395792: Price Spike ALUMINIUM

Spike found in prices for ALUMINIUM/20240800: need to manually check by running interactive_manual_check_historical_prices
********************************************************************************

********************************************************************************
Email stored not sent on 2024-04-03 15:56:42.699528: Price Spike BUTTER

To reduce email load, won't send any more emails with this subject today. Use 'interactive_diagnostics', 'Emails' to see stored messages
********************************************************************************

********************************************************************************
Email stored not sent on 2024-04-03 15:56:42.702332: Price Spike BUTTER

Spike found in prices for BUTTER/20240700: need to manually check by running interactive_manual_check_historical_prices
********************************************************************************

********************************************************************************
Email stored not sent on 2024-04-03 15:59:45.266288: Price Spike CNH

Spike found in prices for CNH/20240400: need to manually check by running interactive_manual_check_historical_prices
********************************************************************************

********************************************************************************
Email stored not sent on 2024-04-03 15:59:47.625593: Price Spike CNH

Spike found in prices for CNH/20240500: need to manually check by running interactive_manual_check_historical_prices
********************************************************************************

********************************************************************************
Email stored not sent on 2024-04-03 15:59:50.196645: Price Spike CNH

Spike found in prices for CNH/20240600: need to manually check by running interactive_manual_check_historical_prices
********************************************************************************

********************************************************************************
Email stored not sent on 2024-04-03 15:59:52.418224: Price Spike CNH

Spike found in prices for CNH/20240700: need to manually check by running interactive_manual_check_historical_prices
********************************************************************************

********************************************************************************
Email stored not sent on 2024-04-03 16:01:38.214373: Price Spike CORN

Spike found in prices for CORN/20241200: need to manually check by running interactive_manual_check_historical_prices
********************************************************************************

********************************************************************************
Email stored not sent on 2024-04-03 16:01:47.141493: Price Spike CORN

Spike found in prices for CORN/20260300: need to manually check by running interactive_manual_check_historical_prices
********************************************************************************

********************************************************************************
Email stored not sent on 2024-04-03 16:25:57.326413: Price Spike LIVECOW

Spike found in prices for LIVECOW/20240800: need to manually check by running interactive_manual_check_historical_prices
********************************************************************************

********************************************************************************
Email stored not sent on 2024-04-03 16:25:58.955418: Price Spike LIVECOW

Spike found in prices for LIVECOW/20241000: need to manually check by running interactive_manual_check_historical_prices
********************************************************************************

********************************************************************************
Email stored not sent on 2024-04-03 16:27:15.126394: Price Spike MILKWET

Spike found in prices for MILKWET/20240800: need to manually check by running interactive_manual_check_historical_prices
********************************************************************************

********************************************************************************
Email stored not sent on 2024-04-03 16:27:27.119704: Price Spike MILKWET

Spike found in prices for MILKWET/20240900: need to manually check by running interactive_manual_check_historical_prices
********************************************************************************

********************************************************************************
Email stored not sent on 2024-04-03 16:31:09.775093: Price Spike RUBBER

To reduce email load, won't send any more emails with this subject today. Use 'interactive_diagnostics', 'Emails' to see stored messages
********************************************************************************

********************************************************************************
Email stored not sent on 2024-04-03 16:31:09.778094: Price Spike RUBBER

Spike found in prices for RUBBER/20240800: need to manually check by running interactive_manual_check_historical_prices
********************************************************************************

********************************************************************************
Email stored not sent on 2024-04-03 16:31:51.685057: Price Spike SARONA

Spike found in prices for SARONA/20240300: need to manually check by running interactive_manual_check_historical_prices
********************************************************************************

********************************************************************************
Email stored not sent on 2024-04-03 16:31:54.353158: Price Spike SARONA

To reduce email load, won't send any more emails with this subject today. Use 'interactive_diagnostics', 'Emails' to see stored messages
********************************************************************************

********************************************************************************
Email stored not sent on 2024-04-03 16:31:54.356150: Price Spike SARONA

Spike found in prices for SARONA/20240600: need to manually check by running interactive_manual_check_historical_prices
********************************************************************************

********************************************************************************
Email stored not sent on 2024-04-03 16:31:56.052977: Price Spike SARONA

Spike found in prices for SARONA/20240900: need to manually check by running interactive_manual_check_historical_prices
********************************************************************************

********************************************************************************
Email stored not sent on 2024-04-03 16:31:58.067997: Price Spike SARONA

Spike found in prices for SARONA/20241200: need to manually check by running interactive_manual_check_historical_prices
********************************************************************************

********************************************************************************
Email stored not sent on 2024-04-03 16:32:00.248781: Price Spike SARONA

Spike found in prices for SARONA/20250300: need to manually check by running interactive_manual_check_historical_prices
********************************************************************************

********************************************************************************
Email stored not sent on 2024-04-03 16:44:14.314486: Price Spike WHEY

To reduce email load, won't send any more emails with this subject today. Use 'interactive_diagnostics', 'Emails' to see stored messages
********************************************************************************

********************************************************************************
Email stored not sent on 2024-04-03 16:44:14.317500: Price Spike WHEY

Spike found in prices for WHEY/20240700: need to manually check by running interactive_manual_check_historical_prices
********************************************************************************

********************************************************************************
Email stored not sent on 2024-04-15 22:19:11.365013: Price Spike CORN

Spike found in prices for CORN/20260300: need to manually check by running interactive_manual_check_historical_prices
********************************************************************************

********************************************************************************
Email stored not sent on 2024-04-15 22:40:39.141277: Price Spike JGB

Spike found in prices for JGB/20240600: need to manually check by running interactive_manual_check_historical_prices
********************************************************************************

********************************************************************************
Email stored not sent on 2024-04-15 22:41:34.292021: Price Spike KOSPI

Spike found in prices for KOSPI/20241200: need to manually check by running interactive_manual_check_historical_prices
********************************************************************************

********************************************************************************
Email stored not sent on 2024-04-15 23:01:20.776218: Price Spike V2X

Spike found in prices for V2X/20240600: need to manually check by running interactive_manual_check_historical_prices
********************************************************************************

********************************************************************************
Email stored not sent on 2024-04-15 23:01:26.510759: Price Spike VIX

Spike found in prices for VIX/20240400: need to manually check by running interactive_manual_check_historical_prices
********************************************************************************

********************************************************************************
Email stored not sent on 2024-04-15 23:01:36.548090: Price Spike VIX_mini

Spike found in prices for VIX_mini/20240400: need to manually check by running interactive_manual_check_historical_prices
********************************************************************************

********************************************************************************
Email stored not sent on 2024-04-16 12:55:33.474906: Price Spike BUTTER

Spike found in prices for BUTTER/20240800: need to manually check by running interactive_manual_check_historical_prices
********************************************************************************

********************************************************************************
Email stored not sent on 2024-12-26 12:24:40.478877: Price Spike BBCOMM

Spike found in prices for BBCOMM/20250300: need to manually check by running interactive_manual_check_historical_prices
********************************************************************************

********************************************************************************
Email stored not sent on 2024-12-26 12:26:18.523876: Price Spike CH10

Spike found in prices for CH10/20250600: need to manually check by running interactive_manual_check_historical_prices
********************************************************************************

********************************************************************************
Email stored not sent on 2024-12-26 12:27:23.358878: Price Spike COCOA

Spike found in prices for COCOA/20250300: need to manually check by running interactive_manual_check_historical_prices
********************************************************************************

********************************************************************************
Email stored not sent on 2024-12-26 12:27:25.524875: Price Spike COCOA

To reduce email load, won't send any more emails with this subject today. Use 'interactive_diagnostics', 'Emails' to see stored messages
********************************************************************************

********************************************************************************
Email stored not sent on 2024-12-26 12:27:25.528875: Price Spike COCOA

Spike found in prices for COCOA/20250500: need to manually check by running interactive_manual_check_historical_prices
********************************************************************************

********************************************************************************
Email stored not sent on 2024-12-26 12:31:18.220267: Price Spike DX

Spike found in prices for DX/20250300: need to manually check by running interactive_manual_check_historical_prices
********************************************************************************

********************************************************************************
Email stored not sent on 2024-12-26 12:33:18.308316: Price Spike EU-HEALTH

Spike found in prices for EU-HEALTH/20250300: need to manually check by running interactive_manual_check_historical_prices
********************************************************************************

********************************************************************************
Email stored not sent on 2024-12-26 12:36:45.388099: Price Spike EURIBOR

Spike found in prices for EURIBOR/20251200: need to manually check by running interactive_manual_check_historical_prices
********************************************************************************

********************************************************************************
Email stored not sent on 2024-12-26 12:38:31.879091: Price Spike FTSECHINAA

Spike found in prices for FTSECHINAA/20241200: need to manually check by running interactive_manual_check_historical_prices
********************************************************************************

********************************************************************************
Email stored not sent on 2024-12-26 12:38:34.944092: Price Spike FTSECHINAA

To reduce email load, won't send any more emails with this subject today. Use 'interactive_diagnostics', 'Emails' to see stored messages
********************************************************************************

********************************************************************************
Email stored not sent on 2024-12-26 12:38:34.948092: Price Spike FTSECHINAA

Spike found in prices for FTSECHINAA/20250100: need to manually check by running interactive_manual_check_historical_prices
********************************************************************************

********************************************************************************
Email stored not sent on 2024-12-26 12:43:26.647125: Price Spike KRWUSD_mini

Spike found in prices for KRWUSD_mini/20250200: need to manually check by running interactive_manual_check_historical_prices
********************************************************************************

********************************************************************************
Email stored not sent on 2024-12-26 12:44:37.649123: Price Spike MSCIEAFA

Spike found in prices for MSCIEAFA/20250300: need to manually check by running interactive_manual_check_historical_prices
********************************************************************************

********************************************************************************
Email stored not sent on 2024-12-26 12:45:41.810123: Price Spike NIKKEI400

Spike found in prices for NIKKEI400/20250300: need to manually check by running interactive_manual_check_historical_prices
********************************************************************************

********************************************************************************
Email stored not sent on 2024-12-26 12:47:43.336242: Price Spike RUSSELL_mini

Spike found in prices for RUSSELL_mini/20250300: need to manually check by running interactive_manual_check_historical_prices
********************************************************************************

********************************************************************************
Email stored not sent on 2024-12-26 12:47:48.031243: Price Spike SARONA

Spike found in prices for SARONA/20241200: need to manually check by running interactive_manual_check_historical_prices
********************************************************************************

********************************************************************************
Email stored not sent on 2024-12-26 12:47:51.039242: Price Spike SARONA

To reduce email load, won't send any more emails with this subject today. Use 'interactive_diagnostics', 'Emails' to see stored messages
********************************************************************************

********************************************************************************
Email stored not sent on 2024-12-26 12:47:51.044243: Price Spike SARONA

Spike found in prices for SARONA/20250300: need to manually check by running interactive_manual_check_historical_prices
********************************************************************************

********************************************************************************
Email stored not sent on 2024-12-26 12:47:52.985244: Price Spike SARONA

Spike found in prices for SARONA/20250600: need to manually check by running interactive_manual_check_historical_prices
********************************************************************************

********************************************************************************
Email stored not sent on 2024-12-26 12:55:09.617019: Price Spike VIX

Spike found in prices for VIX/20250100: need to manually check by running interactive_manual_check_historical_prices
********************************************************************************

********************************************************************************
Email stored not sent on 2024-12-26 12:55:12.104022: Price Spike VIX

To reduce email load, won't send any more emails with this subject today. Use 'interactive_diagnostics', 'Emails' to see stored messages
********************************************************************************

********************************************************************************
Email stored not sent on 2024-12-26 12:55:12.108023: Price Spike VIX

Spike found in prices for VIX/20250200: need to manually check by running interactive_manual_check_historical_prices
********************************************************************************

********************************************************************************
Email stored not sent on 2024-12-26 12:55:16.623024: Price Spike VIX_mini

Spike found in prices for VIX_mini/20250100: need to manually check by running interactive_manual_check_historical_prices
********************************************************************************

********************************************************************************
Email stored not sent on 2024-12-26 12:57:24.905023: Price Spike WHEY

Spike found in prices for WHEY/20250200: need to manually check by running interactive_manual_check_historical_prices
********************************************************************************

********************************************************************************
Email stored not sent on 2025-03-11 14:32:42.641813: Price Spike ALUMINIUM

Spike found in prices for ALUMINIUM/20250400: need to manually check by running interactive_manual_check_historical_prices
********************************************************************************

********************************************************************************
Email stored not sent on 2025-03-11 14:33:05.336965: Price Spike BOBL

Spike found in prices for BOBL/20250600: need to manually check by running interactive_manual_check_historical_prices
********************************************************************************

********************************************************************************
Email stored not sent on 2025-03-11 14:33:36.124231: Price Spike BUXL

Spike found in prices for BUXL/20250600: need to manually check by running interactive_manual_check_historical_prices
********************************************************************************

********************************************************************************
Email stored not sent on 2025-03-11 14:35:18.548588: Price Spike CHINAA-CON

Spike found in prices for CHINAA-CON/20250300: need to manually check by running interactive_manual_check_historical_prices
********************************************************************************

********************************************************************************
Email stored not sent on 2025-03-11 14:36:16.867793: Price Spike COPPER

Spike found in prices for COPPER/20250300: need to manually check by running interactive_manual_check_historical_prices
********************************************************************************

********************************************************************************
Email stored not sent on 2025-03-11 14:36:18.892761: Price Spike COPPER

To reduce email load, won't send any more emails with this subject today. Use 'interactive_diagnostics', 'Emails' to see stored messages
********************************************************************************

********************************************************************************
Email stored not sent on 2025-03-11 14:36:18.895789: Price Spike COPPER

Spike found in prices for COPPER/20250400: need to manually check by running interactive_manual_check_historical_prices
********************************************************************************

********************************************************************************
Email stored not sent on 2025-03-11 14:39:42.744999: Price Spike EU-BANKS

Spike found in prices for EU-BANKS/20250300: need to manually check by running interactive_manual_check_historical_prices
********************************************************************************

********************************************************************************
Email stored not sent on 2025-03-11 14:40:57.960097: Price Spike EU-DJ-OIL

Spike found in prices for EU-DJ-OIL/20250300: need to manually check by running interactive_manual_check_historical_prices
********************************************************************************

********************************************************************************
Email stored not sent on 2025-03-11 14:45:52.994771: Price Spike EURIBOR-ICE

Spike found in prices for EURIBOR-ICE/20250600: need to manually check by running interactive_manual_check_historical_prices
********************************************************************************

********************************************************************************
Email stored not sent on 2025-03-11 14:45:55.368822: Price Spike EURIBOR-ICE

To reduce email load, won't send any more emails with this subject today. Use 'interactive_diagnostics', 'Emails' to see stored messages
********************************************************************************

********************************************************************************
Email stored not sent on 2025-03-11 14:45:55.370809: Price Spike EURIBOR-ICE

Spike found in prices for EURIBOR-ICE/20250900: need to manually check by running interactive_manual_check_historical_prices
********************************************************************************

********************************************************************************
Email stored not sent on 2025-03-11 14:45:56.995781: Price Spike EURIBOR-ICE

Spike found in prices for EURIBOR-ICE/20251200: need to manually check by running interactive_manual_check_historical_prices
********************************************************************************

********************************************************************************
Email stored not sent on 2025-03-11 14:45:58.965804: Price Spike EURIBOR-ICE

Spike found in prices for EURIBOR-ICE/20260300: need to manually check by running interactive_manual_check_historical_prices
********************************************************************************

********************************************************************************
Email stored not sent on 2025-03-11 14:46:04.732788: Price Spike EURIBOR-ICE

Spike found in prices for EURIBOR-ICE/20261200: need to manually check by running interactive_manual_check_historical_prices
********************************************************************************

********************************************************************************
Email stored not sent on 2025-03-11 14:46:08.580220: Price Spike EURIBOR-ICE

Spike found in prices for EURIBOR-ICE/20270600: need to manually check by running interactive_manual_check_historical_prices
********************************************************************************

********************************************************************************
Email stored not sent on 2025-03-11 14:50:46.093124: Price Spike HOUSE-US

Spike found in prices for HOUSE-US/20250500: need to manually check by running interactive_manual_check_historical_prices
********************************************************************************

********************************************************************************
Email stored not sent on 2025-03-11 14:50:48.160124: Price Spike HOUSE-US

To reduce email load, won't send any more emails with this subject today. Use 'interactive_diagnostics', 'Emails' to see stored messages
********************************************************************************

********************************************************************************
Email stored not sent on 2025-03-11 14:50:48.163110: Price Spike HOUSE-US

Spike found in prices for HOUSE-US/20250800: need to manually check by running interactive_manual_check_historical_prices
********************************************************************************

********************************************************************************
Email stored not sent on 2025-03-11 14:51:07.998618: Price Spike JGB-SGX-mini

Spike found in prices for JGB-SGX-mini/20250300: need to manually check by running interactive_manual_check_historical_prices
********************************************************************************

********************************************************************************
Email stored not sent on 2025-03-11 14:52:56.301110: Price Spike LUMBER-new

Spike found in prices for LUMBER-new/20250700: need to manually check by running interactive_manual_check_historical_prices
********************************************************************************

********************************************************************************
Email stored not sent on 2025-03-11 15:05:06.725690: Price Spike V2X

Spike found in prices for V2X/20250300: need to manually check by running interactive_manual_check_historical_prices
********************************************************************************

********************************************************************************
Email stored not sent on 2025-03-11 15:05:20.323670: Price Spike VNKI

Spike found in prices for VNKI/20250300: need to manually check by running interactive_manual_check_historical_prices
********************************************************************************

********************************************************************************
Email stored not sent on 2025-03-11 16:44:23.815617: Price Spike ALUMINIUM

To reduce email load, won't send any more emails with this subject today. Use 'interactive_diagnostics', 'Emails' to see stored messages
********************************************************************************

********************************************************************************
Email stored not sent on 2025-03-11 16:44:23.818620: Price Spike ALUMINIUM

Spike found in prices for ALUMINIUM/20250500: need to manually check by running interactive_manual_check_historical_prices
********************************************************************************

********************************************************************************
Email stored not sent on 2025-03-11 17:06:37.831047: Price Spike HOUSE-US

Spike found in prices for HOUSE-US/20251100: need to manually check by running interactive_manual_check_historical_prices
********************************************************************************

********************************************************************************
Email stored not sent on 2025-03-11 17:18:10.117521: Price Spike SUGAR16

Spike found in prices for SUGAR16/20250900: need to manually check by running interactive_manual_check_historical_prices
********************************************************************************

********************************************************************************
Email stored not sent on 2025-03-11 17:24:46.340924: Price Spike WHEY

Spike found in prices for WHEY/20250300: need to manually check by running interactive_manual_check_historical_prices
********************************************************************************

********************************************************************************
Email stored not sent on 2025-03-12 07:30:48.818860: Price Spike ALUMINIUM

Spike found in prices for ALUMINIUM/20250500: need to manually check by running interactive_manual_check_historical_prices
********************************************************************************

********************************************************************************
Email stored not sent on 2025-03-12 07:57:14.692415: Price Spike HOUSE-US

Spike found in prices for HOUSE-US/20251100: need to manually check by running interactive_manual_check_historical_prices
********************************************************************************

********************************************************************************
Email stored not sent on 2025-03-12 10:59:24.148013: Price Spike ALUMINIUM

Spike found in prices for ALUMINIUM/20250500: need to manually check by running interactive_manual_check_historical_prices
********************************************************************************

********************************************************************************
Email stored not sent on 2025-03-12 11:02:15.349137: Price Spike CHEESE

Spike found in prices for CHEESE/20250500: need to manually check by running interactive_manual_check_historical_prices
********************************************************************************

********************************************************************************
Email stored not sent on 2025-03-12 11:22:31.247905: Price Spike HOUSE-US

Spike found in prices for HOUSE-US/20251100: need to manually check by running interactive_manual_check_historical_prices
********************************************************************************

********************************************************************************
Email stored not sent on 2025-03-12 11:41:54.062777: Price Spike WHEY

To reduce email load, won't send any more emails with this subject today. Use 'interactive_diagnostics', 'Emails' to see stored messages
********************************************************************************

********************************************************************************
Email stored not sent on 2025-03-12 11:41:54.065776: Price Spike WHEY

Spike found in prices for WHEY/20250400: need to manually check by running interactive_manual_check_historical_prices
********************************************************************************

********************************************************************************
Email stored not sent on 2025-03-12 17:00:24.506622: Price Spike ALUMINIUM

Spike found in prices for ALUMINIUM/20250500: need to manually check by running interactive_manual_check_historical_prices
********************************************************************************

********************************************************************************
Email stored not sent on 2025-03-12 17:03:14.253809: Price Spike CHEESE

To reduce email load, won't send any more emails with this subject today. Use 'interactive_diagnostics', 'Emails' to see stored messages
********************************************************************************

********************************************************************************
Email stored not sent on 2025-03-12 17:03:14.255816: Price Spike CHEESE

Spike found in prices for CHEESE/20250500: need to manually check by running interactive_manual_check_historical_prices
********************************************************************************

********************************************************************************
Email stored not sent on 2025-03-12 17:24:29.362900: Price Spike HOUSE-US

Spike found in prices for HOUSE-US/20251100: need to manually check by running interactive_manual_check_historical_prices
********************************************************************************

********************************************************************************
Email stored not sent on 2025-03-12 18:17:57.176573: Price Spike WHEY

Spike found in prices for WHEY/20250400: need to manually check by running interactive_manual_check_historical_prices
********************************************************************************

********************************************************************************
Email stored not sent on 2025-03-13 07:30:51.115041: Price Spike ALUMINIUM

To reduce email load, won't send any more emails with this subject today. Use 'interactive_diagnostics', 'Emails' to see stored messages
********************************************************************************

********************************************************************************
Email stored not sent on 2025-03-13 07:30:51.117038: Price Spike ALUMINIUM

Spike found in prices for ALUMINIUM/20250500: need to manually check by running interactive_manual_check_historical_prices
********************************************************************************

********************************************************************************
Email stored not sent on 2025-03-13 07:34:23.089092: Price Spike CHEESE

Spike found in prices for CHEESE/20250500: need to manually check by running interactive_manual_check_historical_prices
********************************************************************************

********************************************************************************
Email stored not sent on 2025-03-13 07:58:16.860669: Price Spike HOUSE-US

To reduce email load, won't send any more emails with this subject today. Use 'interactive_diagnostics', 'Emails' to see stored messages
********************************************************************************

********************************************************************************
Email stored not sent on 2025-03-13 07:58:16.862687: Price Spike HOUSE-US

Spike found in prices for HOUSE-US/20251100: need to manually check by running interactive_manual_check_historical_prices
********************************************************************************

********************************************************************************
Email stored not sent on 2025-03-13 08:20:31.158657: Price Spike WHEY

Spike found in prices for WHEY/20250400: need to manually check by running interactive_manual_check_historical_prices
********************************************************************************

********************************************************************************
Email stored not sent on 2025-03-13 17:00:21.251143: Price Spike ALUMINIUM

Spike found in prices for ALUMINIUM/20250500: need to manually check by running interactive_manual_check_historical_prices
********************************************************************************

********************************************************************************
Email stored not sent on 2025-03-13 17:03:09.512348: Price Spike CHEESE

Spike found in prices for CHEESE/20250500: need to manually check by running interactive_manual_check_historical_prices
********************************************************************************

********************************************************************************
Email stored not sent on 2025-03-13 17:23:28.480142: Price Spike HOUSE-US

Spike found in prices for HOUSE-US/20251100: need to manually check by running interactive_manual_check_historical_prices
********************************************************************************

********************************************************************************
Email stored not sent on 2025-03-13 17:42:32.396011: Price Spike WHEY

Spike found in prices for WHEY/20250400: need to manually check by running interactive_manual_check_historical_prices
********************************************************************************

********************************************************************************
Email stored not sent on 2025-03-14 07:30:49.224309: Price Spike ALUMINIUM

Spike found in prices for ALUMINIUM/20250500: need to manually check by running interactive_manual_check_historical_prices
********************************************************************************

********************************************************************************
Email stored not sent on 2025-03-14 07:34:21.728906: Price Spike CHEESE

Spike found in prices for CHEESE/20250500: need to manually check by running interactive_manual_check_historical_prices
********************************************************************************

********************************************************************************
Email stored not sent on 2025-03-14 07:52:40.922811: Price Spike FTSECHINAA

Spike found in prices for FTSECHINAA/20250300: need to manually check by running interactive_manual_check_historical_prices
********************************************************************************

********************************************************************************
Email stored not sent on 2025-03-14 07:58:07.775626: Price Spike HOUSE-US

Spike found in prices for HOUSE-US/20251100: need to manually check by running interactive_manual_check_historical_prices
********************************************************************************

********************************************************************************
Email stored not sent on 2025-03-14 08:20:12.275066: Price Spike WHEY

To reduce email load, won't send any more emails with this subject today. Use 'interactive_diagnostics', 'Emails' to see stored messages
********************************************************************************

********************************************************************************
Email stored not sent on 2025-03-14 08:20:12.278064: Price Spike WHEY

Spike found in prices for WHEY/20250400: need to manually check by running interactive_manual_check_historical_prices
********************************************************************************

********************************************************************************
Email stored not sent on 2025-03-17 07:30:50.267087: Price Spike ALUMINIUM

Spike found in prices for ALUMINIUM/20250500: need to manually check by running interactive_manual_check_historical_prices
********************************************************************************

********************************************************************************
Email stored not sent on 2025-03-17 07:34:22.155110: Price Spike CHEESE

Spike found in prices for CHEESE/20250500: need to manually check by running interactive_manual_check_historical_prices
********************************************************************************

********************************************************************************
Email stored not sent on 2025-03-17 07:58:14.178306: Price Spike HOUSE-US

Spike found in prices for HOUSE-US/20251100: need to manually check by running interactive_manual_check_historical_prices
********************************************************************************

********************************************************************************
Email stored not sent on 2025-03-17 08:19:12.358614: Price Spike WHEY

Spike found in prices for WHEY/20250400: need to manually check by running interactive_manual_check_historical_prices
********************************************************************************

********************************************************************************
Email stored not sent on 2025-03-17 17:00:24.439679: Price Spike ALUMINIUM

To reduce email load, won't send any more emails with this subject today. Use 'interactive_diagnostics', 'Emails' to see stored messages
********************************************************************************

********************************************************************************
Email stored not sent on 2025-03-17 17:00:24.441675: Price Spike ALUMINIUM

Spike found in prices for ALUMINIUM/20250500: need to manually check by running interactive_manual_check_historical_prices
********************************************************************************

********************************************************************************
Email stored not sent on 2025-03-17 17:03:16.767498: Price Spike CHEESE

To reduce email load, won't send any more emails with this subject today. Use 'interactive_diagnostics', 'Emails' to see stored messages
********************************************************************************

********************************************************************************
Email stored not sent on 2025-03-17 17:03:16.769498: Price Spike CHEESE

Spike found in prices for CHEESE/20250500: need to manually check by running interactive_manual_check_historical_prices
********************************************************************************

********************************************************************************
Email stored not sent on 2025-03-17 17:25:01.432966: Price Spike HOUSE-US

To reduce email load, won't send any more emails with this subject today. Use 'interactive_diagnostics', 'Emails' to see stored messages
********************************************************************************

********************************************************************************
Email stored not sent on 2025-03-17 17:25:01.434962: Price Spike HOUSE-US

Spike found in prices for HOUSE-US/20251100: need to manually check by running interactive_manual_check_historical_prices
********************************************************************************

********************************************************************************
Email stored not sent on 2025-03-17 17:43:42.045087: Price Spike WHEY

To reduce email load, won't send any more emails with this subject today. Use 'interactive_diagnostics', 'Emails' to see stored messages
********************************************************************************

********************************************************************************
Email stored not sent on 2025-03-17 17:43:42.047107: Price Spike WHEY

Spike found in prices for WHEY/20250400: need to manually check by running interactive_manual_check_historical_prices
********************************************************************************

********************************************************************************
Email stored not sent on 2025-03-18 07:30:53.803216: Price Spike ALUMINIUM

Spike found in prices for ALUMINIUM/20250500: need to manually check by running interactive_manual_check_historical_prices
********************************************************************************

********************************************************************************
Email stored not sent on 2025-03-18 07:34:28.329705: Price Spike CHEESE

Spike found in prices for CHEESE/20250500: need to manually check by running interactive_manual_check_historical_prices
********************************************************************************

********************************************************************************
Email stored not sent on 2025-03-18 07:58:40.349157: Price Spike HOUSE-US

Spike found in prices for HOUSE-US/20251100: need to manually check by running interactive_manual_check_historical_prices
********************************************************************************

********************************************************************************
Email stored not sent on 2025-03-18 08:19:45.073224: Price Spike WHEY

Spike found in prices for WHEY/20250400: need to manually check by running interactive_manual_check_historical_prices
********************************************************************************

********************************************************************************
Email stored not sent on 2025-03-19 17:02:13.300759: Price Spike CAC

Spike found in prices for CAC/20250600: need to manually check by running interactive_manual_check_historical_prices
********************************************************************************

********************************************************************************
Email stored not sent on 2025-03-19 17:03:38.678455: Price Spike CHEESE

Spike found in prices for CHEESE/20250600: need to manually check by running interactive_manual_check_historical_prices
********************************************************************************

********************************************************************************
Email stored not sent on 2025-03-19 17:04:07.250731: Price Spike CHINAA-CON

Spike found in prices for CHINAA-CON/20250600: need to manually check by running interactive_manual_check_historical_prices
********************************************************************************

********************************************************************************
Email stored not sent on 2025-03-19 17:27:41.743236: Price Spike MILK

Spike found in prices for MILK/20250700: need to manually check by running interactive_manual_check_historical_prices
********************************************************************************

********************************************************************************
Email stored not sent on 2025-03-19 17:27:50.292952: Price Spike MILKDRY

Spike found in prices for MILKDRY/20250700: need to manually check by running interactive_manual_check_historical_prices
********************************************************************************

********************************************************************************
Email stored not sent on 2025-03-19 17:37:37.375888: Price Spike SUGAR16

Spike found in prices for SUGAR16/20251100: need to manually check by running interactive_manual_check_historical_prices
********************************************************************************

********************************************************************************
Email stored not sent on 2025-03-20 07:33:29.619295: Price Spike CAC

To reduce email load, won't send any more emails with this subject today. Use 'interactive_diagnostics', 'Emails' to see stored messages
********************************************************************************

********************************************************************************
Email stored not sent on 2025-03-20 07:33:29.621296: Price Spike CAC

Spike found in prices for CAC/20250600: need to manually check by running interactive_manual_check_historical_prices
********************************************************************************

********************************************************************************
Email stored not sent on 2025-03-20 07:35:06.872635: Price Spike CHEESE

To reduce email load, won't send any more emails with this subject today. Use 'interactive_diagnostics', 'Emails' to see stored messages
********************************************************************************

********************************************************************************
Email stored not sent on 2025-03-20 07:35:06.874605: Price Spike CHEESE

Spike found in prices for CHEESE/20250600: need to manually check by running interactive_manual_check_historical_prices
********************************************************************************

********************************************************************************
Email stored not sent on 2025-03-20 07:35:50.657927: Price Spike CHINAA-CON

To reduce email load, won't send any more emails with this subject today. Use 'interactive_diagnostics', 'Emails' to see stored messages
********************************************************************************

********************************************************************************
Email stored not sent on 2025-03-20 07:35:50.660924: Price Spike CHINAA-CON

Spike found in prices for CHINAA-CON/20250600: need to manually check by running interactive_manual_check_historical_prices
********************************************************************************

********************************************************************************
Email stored not sent on 2025-03-20 08:03:39.840659: Price Spike MILK

To reduce email load, won't send any more emails with this subject today. Use 'interactive_diagnostics', 'Emails' to see stored messages
********************************************************************************

********************************************************************************
Email stored not sent on 2025-03-20 08:03:39.843664: Price Spike MILK

Spike found in prices for MILK/20250700: need to manually check by running interactive_manual_check_historical_prices
********************************************************************************

********************************************************************************
Email stored not sent on 2025-03-20 08:03:59.764358: Price Spike MILKDRY

To reduce email load, won't send any more emails with this subject today. Use 'interactive_diagnostics', 'Emails' to see stored messages
********************************************************************************

********************************************************************************
Email stored not sent on 2025-03-20 08:03:59.766335: Price Spike MILKDRY

Spike found in prices for MILKDRY/20250700: need to manually check by running interactive_manual_check_historical_prices
********************************************************************************

********************************************************************************
Email stored not sent on 2025-03-20 08:09:30.410717: Price Spike SARONA

Spike found in prices for SARONA/20250300: need to manually check by running interactive_manual_check_historical_prices
********************************************************************************

********************************************************************************
Email stored not sent on 2025-03-20 08:09:32.899292: Price Spike SARONA

To reduce email load, won't send any more emails with this subject today. Use 'interactive_diagnostics', 'Emails' to see stored messages
********************************************************************************

********************************************************************************
Email stored not sent on 2025-03-20 08:09:32.901266: Price Spike SARONA

Spike found in prices for SARONA/20250600: need to manually check by running interactive_manual_check_historical_prices
********************************************************************************

********************************************************************************
Email stored not sent on 2025-03-20 08:09:34.301303: Price Spike SARONA

Spike found in prices for SARONA/20250900: need to manually check by running interactive_manual_check_historical_prices
********************************************************************************

********************************************************************************
Email stored not sent on 2025-03-20 08:09:36.061291: Price Spike SARONA

Spike found in prices for SARONA/20251200: need to manually check by running interactive_manual_check_historical_prices
********************************************************************************

********************************************************************************
Email stored not sent on 2025-03-20 08:09:37.979293: Price Spike SARONA

Spike found in prices for SARONA/20260300: need to manually check by running interactive_manual_check_historical_prices
********************************************************************************

********************************************************************************
Email stored not sent on 2025-03-20 08:14:48.009409: Price Spike SUGAR16

To reduce email load, won't send any more emails with this subject today. Use 'interactive_diagnostics', 'Emails' to see stored messages
********************************************************************************

********************************************************************************
Email stored not sent on 2025-03-20 08:14:48.012410: Price Spike SUGAR16

Spike found in prices for SUGAR16/20251100: need to manually check by running interactive_manual_check_historical_prices
********************************************************************************

********************************************************************************
Email stored not sent on 2025-03-20 08:22:50.143172: Price Spike WHEY

Spike found in prices for WHEY/20250500: need to manually check by running interactive_manual_check_historical_prices
********************************************************************************

********************************************************************************
Email stored not sent on 2025-03-20 17:02:17.205007: Price Spike CAC

Spike found in prices for CAC/20250600: need to manually check by running interactive_manual_check_historical_prices
********************************************************************************

********************************************************************************
Email stored not sent on 2025-03-20 17:03:26.055660: Price Spike CHEESE

Spike found in prices for CHEESE/20250600: need to manually check by running interactive_manual_check_historical_prices
********************************************************************************

********************************************************************************
Email stored not sent on 2025-03-20 17:04:12.992287: Price Spike CHINAA-CON

Spike found in prices for CHINAA-CON/20250600: need to manually check by running interactive_manual_check_historical_prices
********************************************************************************

********************************************************************************
Email stored not sent on 2025-03-20 17:28:01.363726: Price Spike MILK

Spike found in prices for MILK/20250700: need to manually check by running interactive_manual_check_historical_prices
********************************************************************************

********************************************************************************
Email stored not sent on 2025-03-20 17:28:09.064469: Price Spike MILKDRY

Spike found in prices for MILKDRY/20250700: need to manually check by running interactive_manual_check_historical_prices
********************************************************************************

********************************************************************************
Email stored not sent on 2025-03-20 17:33:13.420584: Price Spike SARONA

Spike found in prices for SARONA/20250300: need to manually check by running interactive_manual_check_historical_prices
********************************************************************************

********************************************************************************
Email stored not sent on 2025-03-20 17:33:15.272248: Price Spike SARONA

Spike found in prices for SARONA/20250600: need to manually check by running interactive_manual_check_historical_prices
********************************************************************************

********************************************************************************
Email stored not sent on 2025-03-20 17:33:17.068884: Price Spike SARONA

Spike found in prices for SARONA/20250900: need to manually check by running interactive_manual_check_historical_prices
********************************************************************************

********************************************************************************
Email stored not sent on 2025-03-20 17:33:18.893483: Price Spike SARONA

Spike found in prices for SARONA/20251200: need to manually check by running interactive_manual_check_historical_prices
********************************************************************************

********************************************************************************
Email stored not sent on 2025-03-20 17:33:20.815577: Price Spike SARONA

Spike found in prices for SARONA/20260300: need to manually check by running interactive_manual_check_historical_prices
********************************************************************************

********************************************************************************
Email stored not sent on 2025-03-20 17:37:16.478851: Price Spike SUGAR16

Spike found in prices for SUGAR16/20251100: need to manually check by running interactive_manual_check_historical_prices
********************************************************************************

********************************************************************************
Email stored not sent on 2025-03-20 17:45:12.773314: Price Spike WHEY

To reduce email load, won't send any more emails with this subject today. Use 'interactive_diagnostics', 'Emails' to see stored messages
********************************************************************************

********************************************************************************
Email stored not sent on 2025-03-20 17:45:12.776284: Price Spike WHEY

Spike found in prices for WHEY/20250500: need to manually check by running interactive_manual_check_historical_prices
********************************************************************************

********************************************************************************
Email stored not sent on 2025-03-21 07:33:45.805043: Price Spike CAC

Spike found in prices for CAC/20250600: need to manually check by running interactive_manual_check_historical_prices
********************************************************************************

********************************************************************************
Email stored not sent on 2025-03-21 07:35:22.947668: Price Spike CHEESE

Spike found in prices for CHEESE/20250600: need to manually check by running interactive_manual_check_historical_prices
********************************************************************************

********************************************************************************
Email stored not sent on 2025-03-21 07:36:06.648932: Price Spike CHINAA-CON

Spike found in prices for CHINAA-CON/20250600: need to manually check by running interactive_manual_check_historical_prices
********************************************************************************

********************************************************************************
Email stored not sent on 2025-03-21 08:04:03.037803: Price Spike MILK

Spike found in prices for MILK/20250700: need to manually check by running interactive_manual_check_historical_prices
********************************************************************************

********************************************************************************
Email stored not sent on 2025-03-21 08:04:22.710240: Price Spike MILKDRY

Spike found in prices for MILKDRY/20250700: need to manually check by running interactive_manual_check_historical_prices
********************************************************************************

********************************************************************************
Email stored not sent on 2025-03-21 08:10:08.666955: Price Spike SARONA

Spike found in prices for SARONA/20250300: need to manually check by running interactive_manual_check_historical_prices
********************************************************************************

********************************************************************************
Email stored not sent on 2025-03-21 08:10:10.997082: Price Spike SARONA

To reduce email load, won't send any more emails with this subject today. Use 'interactive_diagnostics', 'Emails' to see stored messages
********************************************************************************

********************************************************************************
Email stored not sent on 2025-03-21 08:10:11.000060: Price Spike SARONA

Spike found in prices for SARONA/20250600: need to manually check by running interactive_manual_check_historical_prices
********************************************************************************

********************************************************************************
Email stored not sent on 2025-03-21 08:10:12.618490: Price Spike SARONA

Spike found in prices for SARONA/20250900: need to manually check by running interactive_manual_check_historical_prices
********************************************************************************

********************************************************************************
Email stored not sent on 2025-03-21 08:10:14.526747: Price Spike SARONA

Spike found in prices for SARONA/20251200: need to manually check by running interactive_manual_check_historical_prices
********************************************************************************

********************************************************************************
Email stored not sent on 2025-03-21 08:10:16.423357: Price Spike SARONA

Spike found in prices for SARONA/20260300: need to manually check by running interactive_manual_check_historical_prices
********************************************************************************

********************************************************************************
Email stored not sent on 2025-03-21 08:15:23.800600: Price Spike SUGAR16

Spike found in prices for SUGAR16/20251100: need to manually check by running interactive_manual_check_historical_prices
********************************************************************************

********************************************************************************
Email stored not sent on 2025-03-21 08:23:54.667849: Price Spike WHEY

Spike found in prices for WHEY/20250500: need to manually check by running interactive_manual_check_historical_prices
********************************************************************************

********************************************************************************
Email stored not sent on 2025-03-21 17:02:37.702631: Price Spike CAC

To reduce email load, won't send any more emails with this subject today. Use 'interactive_diagnostics', 'Emails' to see stored messages
********************************************************************************

********************************************************************************
Email stored not sent on 2025-03-21 17:02:37.704638: Price Spike CAC

Spike found in prices for CAC/20250600: need to manually check by running interactive_manual_check_historical_prices
********************************************************************************

********************************************************************************
Email stored not sent on 2025-03-21 17:03:37.365080: Price Spike CHEESE

To reduce email load, won't send any more emails with this subject today. Use 'interactive_diagnostics', 'Emails' to see stored messages
********************************************************************************

********************************************************************************
Email stored not sent on 2025-03-21 17:03:37.368080: Price Spike CHEESE

Spike found in prices for CHEESE/20250600: need to manually check by running interactive_manual_check_historical_prices
********************************************************************************

********************************************************************************
Email stored not sent on 2025-03-21 17:04:24.538452: Price Spike CHINAA-CON

To reduce email load, won't send any more emails with this subject today. Use 'interactive_diagnostics', 'Emails' to see stored messages
********************************************************************************

********************************************************************************
Email stored not sent on 2025-03-21 17:04:24.541446: Price Spike CHINAA-CON

Spike found in prices for CHINAA-CON/20250600: need to manually check by running interactive_manual_check_historical_prices
********************************************************************************

********************************************************************************
Email stored not sent on 2025-03-21 17:29:13.793511: Price Spike MILK

To reduce email load, won't send any more emails with this subject today. Use 'interactive_diagnostics', 'Emails' to see stored messages
********************************************************************************

********************************************************************************
Email stored not sent on 2025-03-21 17:29:13.795482: Price Spike MILK

Spike found in prices for MILK/20250700: need to manually check by running interactive_manual_check_historical_prices
********************************************************************************

********************************************************************************
Email stored not sent on 2025-03-21 17:29:41.800791: Price Spike MILKDRY

To reduce email load, won't send any more emails with this subject today. Use 'interactive_diagnostics', 'Emails' to see stored messages
********************************************************************************

********************************************************************************
Email stored not sent on 2025-03-21 17:29:41.802819: Price Spike MILKDRY

Spike found in prices for MILKDRY/20250700: need to manually check by running interactive_manual_check_historical_prices
********************************************************************************

********************************************************************************
Email stored not sent on 2025-03-21 17:34:24.802216: Price Spike SARONA

Spike found in prices for SARONA/20250300: need to manually check by running interactive_manual_check_historical_prices
********************************************************************************

********************************************************************************
Email stored not sent on 2025-03-21 17:34:26.504256: Price Spike SARONA

Spike found in prices for SARONA/20250600: need to manually check by running interactive_manual_check_historical_prices
********************************************************************************

********************************************************************************
Email stored not sent on 2025-03-21 17:34:28.418256: Price Spike SARONA

Spike found in prices for SARONA/20250900: need to manually check by running interactive_manual_check_historical_prices
********************************************************************************

********************************************************************************
Email stored not sent on 2025-03-21 17:34:30.285277: Price Spike SARONA

Spike found in prices for SARONA/20251200: need to manually check by running interactive_manual_check_historical_prices
********************************************************************************

********************************************************************************
Email stored not sent on 2025-03-21 17:34:32.123260: Price Spike SARONA

Spike found in prices for SARONA/20260300: need to manually check by running interactive_manual_check_historical_prices
********************************************************************************

********************************************************************************
Email stored not sent on 2025-03-21 17:38:49.282982: Price Spike SUGAR16

To reduce email load, won't send any more emails with this subject today. Use 'interactive_diagnostics', 'Emails' to see stored messages
********************************************************************************

********************************************************************************
Email stored not sent on 2025-03-21 17:38:49.285994: Price Spike SUGAR16

Spike found in prices for SUGAR16/20251100: need to manually check by running interactive_manual_check_historical_prices
********************************************************************************

********************************************************************************
Email stored not sent on 2025-03-21 17:47:41.145033: Price Spike WHEY

Spike found in prices for WHEY/20250500: need to manually check by running interactive_manual_check_historical_prices
********************************************************************************

********************************************************************************
Email stored not sent on 2025-03-24 07:33:30.170835: Price Spike CAC

Spike found in prices for CAC/20250600: need to manually check by running interactive_manual_check_historical_prices
********************************************************************************

********************************************************************************
Email stored not sent on 2025-03-24 07:34:50.605863: Price Spike CHEESE

Spike found in prices for CHEESE/20250600: need to manually check by running interactive_manual_check_historical_prices
********************************************************************************

********************************************************************************
Email stored not sent on 2025-03-24 07:35:43.519128: Price Spike CHINAA-CON

Spike found in prices for CHINAA-CON/20250600: need to manually check by running interactive_manual_check_historical_prices
********************************************************************************

********************************************************************************
Email stored not sent on 2025-03-24 08:00:47.965547: Price Spike MILK

Spike found in prices for MILK/20250700: need to manually check by running interactive_manual_check_historical_prices
********************************************************************************

********************************************************************************
Email stored not sent on 2025-03-24 08:01:09.747141: Price Spike MILKDRY

Spike found in prices for MILKDRY/20250700: need to manually check by running interactive_manual_check_historical_prices
********************************************************************************

********************************************************************************
Email stored not sent on 2025-03-24 08:05:59.909464: Price Spike SARONA

Spike found in prices for SARONA/20250300: need to manually check by running interactive_manual_check_historical_prices
********************************************************************************

********************************************************************************
Email stored not sent on 2025-03-24 08:06:02.146462: Price Spike SARONA

To reduce email load, won't send any more emails with this subject today. Use 'interactive_diagnostics', 'Emails' to see stored messages
********************************************************************************

********************************************************************************
Email stored not sent on 2025-03-24 08:06:02.148469: Price Spike SARONA

Spike found in prices for SARONA/20250600: need to manually check by running interactive_manual_check_historical_prices
********************************************************************************

********************************************************************************
Email stored not sent on 2025-03-24 08:06:03.688462: Price Spike SARONA

Spike found in prices for SARONA/20250900: need to manually check by running interactive_manual_check_historical_prices
********************************************************************************

********************************************************************************
Email stored not sent on 2025-03-24 08:06:05.609444: Price Spike SARONA

Spike found in prices for SARONA/20251200: need to manually check by running interactive_manual_check_historical_prices
********************************************************************************

********************************************************************************
Email stored not sent on 2025-03-24 08:06:07.579939: Price Spike SARONA

Spike found in prices for SARONA/20260300: need to manually check by running interactive_manual_check_historical_prices
********************************************************************************

********************************************************************************
Email stored not sent on 2025-03-24 08:11:03.727574: Price Spike SUGAR16

Spike found in prices for SUGAR16/20251100: need to manually check by running interactive_manual_check_historical_prices
********************************************************************************

********************************************************************************
Email stored not sent on 2025-03-24 08:17:58.615350: Price Spike WHEY

Spike found in prices for WHEY/20250500: need to manually check by running interactive_manual_check_historical_prices
********************************************************************************

********************************************************************************
Email stored not sent on 2025-03-24 17:02:46.976499: Price Spike CAC

To reduce email load, won't send any more emails with this subject today. Use 'interactive_diagnostics', 'Emails' to see stored messages
********************************************************************************

********************************************************************************
Email stored not sent on 2025-03-24 17:02:46.994658: Price Spike CAC

Spike found in prices for CAC/20250600: need to manually check by running interactive_manual_check_historical_prices
********************************************************************************

********************************************************************************
Email stored not sent on 2025-03-24 17:03:26.278548: Price Spike CHEESE

To reduce email load, won't send any more emails with this subject today. Use 'interactive_diagnostics', 'Emails' to see stored messages
********************************************************************************

********************************************************************************
Email stored not sent on 2025-03-24 17:03:26.281552: Price Spike CHEESE

Spike found in prices for CHEESE/20250600: need to manually check by running interactive_manual_check_historical_prices
********************************************************************************

********************************************************************************
Email stored not sent on 2025-03-24 17:04:14.323263: Price Spike CHINAA-CON

To reduce email load, won't send any more emails with this subject today. Use 'interactive_diagnostics', 'Emails' to see stored messages
********************************************************************************

********************************************************************************
Email stored not sent on 2025-03-24 17:04:14.326283: Price Spike CHINAA-CON

Spike found in prices for CHINAA-CON/20250600: need to manually check by running interactive_manual_check_historical_prices
********************************************************************************

********************************************************************************
Email stored not sent on 2025-03-24 17:26:15.543434: Price Spike MILK

To reduce email load, won't send any more emails with this subject today. Use 'interactive_diagnostics', 'Emails' to see stored messages
********************************************************************************

********************************************************************************
Email stored not sent on 2025-03-24 17:26:15.546439: Price Spike MILK

Spike found in prices for MILK/20250700: need to manually check by running interactive_manual_check_historical_prices
********************************************************************************

********************************************************************************
Email stored not sent on 2025-03-24 17:26:23.845226: Price Spike MILKDRY

To reduce email load, won't send any more emails with this subject today. Use 'interactive_diagnostics', 'Emails' to see stored messages
********************************************************************************

********************************************************************************
Email stored not sent on 2025-03-24 17:26:23.848227: Price Spike MILKDRY

Spike found in prices for MILKDRY/20250700: need to manually check by running interactive_manual_check_historical_prices
********************************************************************************

********************************************************************************
Email stored not sent on 2025-03-24 17:30:38.855511: Price Spike SARONA

Spike found in prices for SARONA/20250300: need to manually check by running interactive_manual_check_historical_prices
********************************************************************************

********************************************************************************
Email stored not sent on 2025-03-24 17:30:40.808176: Price Spike SARONA

Spike found in prices for SARONA/20250600: need to manually check by running interactive_manual_check_historical_prices
********************************************************************************

********************************************************************************
Email stored not sent on 2025-03-24 17:30:42.708402: Price Spike SARONA

Spike found in prices for SARONA/20250900: need to manually check by running interactive_manual_check_historical_prices
********************************************************************************

********************************************************************************
Email stored not sent on 2025-03-24 17:30:44.623122: Price Spike SARONA

Spike found in prices for SARONA/20251200: need to manually check by running interactive_manual_check_historical_prices
********************************************************************************

********************************************************************************
Email stored not sent on 2025-03-24 17:30:46.584707: Price Spike SARONA

Spike found in prices for SARONA/20260300: need to manually check by running interactive_manual_check_historical_prices
********************************************************************************

********************************************************************************
Email stored not sent on 2025-03-24 17:34:51.000485: Price Spike SUGAR16

To reduce email load, won't send any more emails with this subject today. Use 'interactive_diagnostics', 'Emails' to see stored messages
********************************************************************************

********************************************************************************
Email stored not sent on 2025-03-24 17:34:51.002486: Price Spike SUGAR16

Spike found in prices for SUGAR16/20251100: need to manually check by running interactive_manual_check_historical_prices
********************************************************************************

********************************************************************************
Email stored not sent on 2025-03-24 17:41:16.975700: Price Spike WHEY

To reduce email load, won't send any more emails with this subject today. Use 'interactive_diagnostics', 'Emails' to see stored messages
********************************************************************************

********************************************************************************
Email stored not sent on 2025-03-24 17:41:16.978704: Price Spike WHEY

Spike found in prices for WHEY/20250500: need to manually check by running interactive_manual_check_historical_prices
********************************************************************************

********************************************************************************
Email stored not sent on 2025-03-25 07:33:22.780830: Price Spike CAC

Spike found in prices for CAC/20250600: need to manually check by running interactive_manual_check_historical_prices
********************************************************************************

********************************************************************************
Email stored not sent on 2025-03-25 07:34:42.954529: Price Spike CHEESE

Spike found in prices for CHEESE/20250600: need to manually check by running interactive_manual_check_historical_prices
********************************************************************************

********************************************************************************
Email stored not sent on 2025-03-25 07:35:55.426845: Price Spike CHINAA-CON

Spike found in prices for CHINAA-CON/20250600: need to manually check by running interactive_manual_check_historical_prices
********************************************************************************

********************************************************************************
Email stored not sent on 2025-03-25 08:01:45.014109: Price Spike MILK

Spike found in prices for MILK/20250700: need to manually check by running interactive_manual_check_historical_prices
********************************************************************************

********************************************************************************
Email stored not sent on 2025-03-25 08:02:06.596341: Price Spike MILKDRY

Spike found in prices for MILKDRY/20250700: need to manually check by running interactive_manual_check_historical_prices
********************************************************************************

********************************************************************************
Email stored not sent on 2025-03-25 08:06:57.565364: Price Spike SARONA

Spike found in prices for SARONA/20250300: need to manually check by running interactive_manual_check_historical_prices
********************************************************************************

********************************************************************************
Email stored not sent on 2025-03-25 08:06:59.877198: Price Spike SARONA

To reduce email load, won't send any more emails with this subject today. Use 'interactive_diagnostics', 'Emails' to see stored messages
********************************************************************************

********************************************************************************
Email stored not sent on 2025-03-25 08:06:59.879179: Price Spike SARONA

Spike found in prices for SARONA/20250600: need to manually check by running interactive_manual_check_historical_prices
********************************************************************************

********************************************************************************
Email stored not sent on 2025-03-25 08:07:01.344831: Price Spike SARONA

Spike found in prices for SARONA/20250900: need to manually check by running interactive_manual_check_historical_prices
********************************************************************************

********************************************************************************
Email stored not sent on 2025-03-25 08:07:03.203434: Price Spike SARONA

Spike found in prices for SARONA/20251200: need to manually check by running interactive_manual_check_historical_prices
********************************************************************************

********************************************************************************
Email stored not sent on 2025-03-25 08:07:05.119868: Price Spike SARONA

Spike found in prices for SARONA/20260300: need to manually check by running interactive_manual_check_historical_prices
********************************************************************************

********************************************************************************
Email stored not sent on 2025-03-25 08:12:00.604735: Price Spike SUGAR16

Spike found in prices for SUGAR16/20251100: need to manually check by running interactive_manual_check_historical_prices
********************************************************************************

********************************************************************************
Email stored not sent on 2025-03-25 08:18:55.418368: Price Spike WHEY

Spike found in prices for WHEY/20250500: need to manually check by running interactive_manual_check_historical_prices
********************************************************************************

********************************************************************************
Email stored not sent on 2025-03-25 17:02:40.269039: Price Spike CAC

Spike found in prices for CAC/20250600: need to manually check by running interactive_manual_check_historical_prices
********************************************************************************

********************************************************************************
Email stored not sent on 2025-03-25 17:03:18.487321: Price Spike CHEESE

Spike found in prices for CHEESE/20250600: need to manually check by running interactive_manual_check_historical_prices
********************************************************************************

********************************************************************************
Email stored not sent on 2025-03-25 17:04:06.939607: Price Spike CHINAA-CON

Spike found in prices for CHINAA-CON/20250600: need to manually check by running interactive_manual_check_historical_prices
********************************************************************************

********************************************************************************
Email stored not sent on 2025-03-25 17:26:03.000867: Price Spike MILK

Spike found in prices for MILK/20250700: need to manually check by running interactive_manual_check_historical_prices
********************************************************************************

********************************************************************************
Email stored not sent on 2025-03-25 17:26:10.656626: Price Spike MILKDRY

Spike found in prices for MILKDRY/20250700: need to manually check by running interactive_manual_check_historical_prices
********************************************************************************

********************************************************************************
Email stored not sent on 2025-03-25 17:30:27.315787: Price Spike SARONA

Spike found in prices for SARONA/20250300: need to manually check by running interactive_manual_check_historical_prices
********************************************************************************

********************************************************************************
Email stored not sent on 2025-03-25 17:30:29.337977: Price Spike SARONA

Spike found in prices for SARONA/20250600: need to manually check by running interactive_manual_check_historical_prices
********************************************************************************

********************************************************************************
Email stored not sent on 2025-03-25 17:30:31.196521: Price Spike SARONA

Spike found in prices for SARONA/20250900: need to manually check by running interactive_manual_check_historical_prices
********************************************************************************

********************************************************************************
Email stored not sent on 2025-03-25 17:30:33.117822: Price Spike SARONA

Spike found in prices for SARONA/20251200: need to manually check by running interactive_manual_check_historical_prices
********************************************************************************

********************************************************************************
Email stored not sent on 2025-03-25 17:30:34.980578: Price Spike SARONA

Spike found in prices for SARONA/20260300: need to manually check by running interactive_manual_check_historical_prices
********************************************************************************

********************************************************************************
Email stored not sent on 2025-03-25 17:34:38.708857: Price Spike SUGAR16

Spike found in prices for SUGAR16/20251100: need to manually check by running interactive_manual_check_historical_prices
********************************************************************************

********************************************************************************
Email stored not sent on 2025-03-25 17:41:04.582545: Price Spike WHEY

Spike found in prices for WHEY/20250500: need to manually check by running interactive_manual_check_historical_prices
********************************************************************************

********************************************************************************
Email stored not sent on 2025-03-26 07:33:19.087865: Price Spike CAC

Spike found in prices for CAC/20250600: need to manually check by running interactive_manual_check_historical_prices
********************************************************************************

********************************************************************************
Email stored not sent on 2025-03-26 07:34:39.592578: Price Spike CHEESE

Spike found in prices for CHEESE/20250600: need to manually check by running interactive_manual_check_historical_prices
********************************************************************************

********************************************************************************
Email stored not sent on 2025-03-26 07:35:32.081241: Price Spike CHINAA-CON

Spike found in prices for CHINAA-CON/20250600: need to manually check by running interactive_manual_check_historical_prices
********************************************************************************

********************************************************************************
Email stored not sent on 2025-03-26 08:01:59.049313: Price Spike MILK

Spike found in prices for MILK/20250700: need to manually check by running interactive_manual_check_historical_prices
********************************************************************************

********************************************************************************
Email stored not sent on 2025-03-26 08:02:20.262735: Price Spike MILKDRY

Spike found in prices for MILKDRY/20250700: need to manually check by running interactive_manual_check_historical_prices
********************************************************************************

********************************************************************************
Email stored not sent on 2025-03-26 08:07:10.131927: Price Spike SARONA

Spike found in prices for SARONA/20250300: need to manually check by running interactive_manual_check_historical_prices
********************************************************************************

********************************************************************************
Email stored not sent on 2025-03-26 08:07:12.223926: Price Spike SARONA

To reduce email load, won't send any more emails with this subject today. Use 'interactive_diagnostics', 'Emails' to see stored messages
********************************************************************************

********************************************************************************
Email stored not sent on 2025-03-26 08:07:12.226945: Price Spike SARONA

Spike found in prices for SARONA/20250600: need to manually check by running interactive_manual_check_historical_prices
********************************************************************************

********************************************************************************
Email stored not sent on 2025-03-26 08:07:13.630898: Price Spike SARONA

Spike found in prices for SARONA/20250900: need to manually check by running interactive_manual_check_historical_prices
********************************************************************************

********************************************************************************
Email stored not sent on 2025-03-26 08:07:15.471925: Price Spike SARONA

Spike found in prices for SARONA/20251200: need to manually check by running interactive_manual_check_historical_prices
********************************************************************************

********************************************************************************
Email stored not sent on 2025-03-26 08:07:17.380867: Price Spike SARONA

Spike found in prices for SARONA/20260300: need to manually check by running interactive_manual_check_historical_prices
********************************************************************************

********************************************************************************
Email stored not sent on 2025-03-26 08:12:14.420667: Price Spike SUGAR16

Spike found in prices for SUGAR16/20251100: need to manually check by running interactive_manual_check_historical_prices
********************************************************************************

********************************************************************************
Email stored not sent on 2025-03-26 08:19:09.308079: Price Spike WHEY

Spike found in prices for WHEY/20250500: need to manually check by running interactive_manual_check_historical_prices
********************************************************************************

********************************************************************************
Email stored not sent on 2025-03-26 17:02:39.162192: Price Spike CAC

To reduce email load, won't send any more emails with this subject today. Use 'interactive_diagnostics', 'Emails' to see stored messages
********************************************************************************

********************************************************************************
Email stored not sent on 2025-03-26 17:02:39.164192: Price Spike CAC

Spike found in prices for CAC/20250600: need to manually check by running interactive_manual_check_historical_prices
********************************************************************************

********************************************************************************
Email stored not sent on 2025-03-26 17:03:19.875358: Price Spike CHEESE

To reduce email load, won't send any more emails with this subject today. Use 'interactive_diagnostics', 'Emails' to see stored messages
********************************************************************************

********************************************************************************
Email stored not sent on 2025-03-26 17:03:19.877404: Price Spike CHEESE

Spike found in prices for CHEESE/20250600: need to manually check by running interactive_manual_check_historical_prices
********************************************************************************

********************************************************************************
Email stored not sent on 2025-03-26 17:04:06.904794: Price Spike CHINAA-CON

To reduce email load, won't send any more emails with this subject today. Use 'interactive_diagnostics', 'Emails' to see stored messages
********************************************************************************

********************************************************************************
Email stored not sent on 2025-03-26 17:04:06.906791: Price Spike CHINAA-CON

Spike found in prices for CHINAA-CON/20250600: need to manually check by running interactive_manual_check_historical_prices
********************************************************************************

********************************************************************************
Email stored not sent on 2025-03-26 17:26:39.473139: Price Spike MILK

To reduce email load, won't send any more emails with this subject today. Use 'interactive_diagnostics', 'Emails' to see stored messages
********************************************************************************

********************************************************************************
Email stored not sent on 2025-03-26 17:26:39.475140: Price Spike MILK

Spike found in prices for MILK/20250700: need to manually check by running interactive_manual_check_historical_prices
********************************************************************************

********************************************************************************
Email stored not sent on 2025-03-26 17:26:47.570117: Price Spike MILKDRY

To reduce email load, won't send any more emails with this subject today. Use 'interactive_diagnostics', 'Emails' to see stored messages
********************************************************************************

********************************************************************************
Email stored not sent on 2025-03-26 17:26:47.573147: Price Spike MILKDRY

Spike found in prices for MILKDRY/20250700: need to manually check by running interactive_manual_check_historical_prices
********************************************************************************

********************************************************************************
Email stored not sent on 2025-03-26 17:31:00.639967: Price Spike SARONA

Spike found in prices for SARONA/20250300: need to manually check by running interactive_manual_check_historical_prices
********************************************************************************

********************************************************************************
Email stored not sent on 2025-03-26 17:31:02.672970: Price Spike SARONA

Spike found in prices for SARONA/20250600: need to manually check by running interactive_manual_check_historical_prices
********************************************************************************

********************************************************************************
Email stored not sent on 2025-03-26 17:31:04.586975: Price Spike SARONA

Spike found in prices for SARONA/20250900: need to manually check by running interactive_manual_check_historical_prices
********************************************************************************

********************************************************************************
Email stored not sent on 2025-03-26 17:31:06.426969: Price Spike SARONA

Spike found in prices for SARONA/20251200: need to manually check by running interactive_manual_check_historical_prices
********************************************************************************

********************************************************************************
Email stored not sent on 2025-03-26 17:31:08.376978: Price Spike SARONA

Spike found in prices for SARONA/20260300: need to manually check by running interactive_manual_check_historical_prices
********************************************************************************

********************************************************************************
Email stored not sent on 2025-03-26 17:35:03.598352: Price Spike SUGAR16

To reduce email load, won't send any more emails with this subject today. Use 'interactive_diagnostics', 'Emails' to see stored messages
********************************************************************************

********************************************************************************
Email stored not sent on 2025-03-26 17:35:03.601346: Price Spike SUGAR16

Spike found in prices for SUGAR16/20251100: need to manually check by running interactive_manual_check_historical_prices
********************************************************************************

********************************************************************************
Email stored not sent on 2025-03-26 17:41:24.239946: Price Spike WHEY

To reduce email load, won't send any more emails with this subject today. Use 'interactive_diagnostics', 'Emails' to see stored messages
********************************************************************************

********************************************************************************
Email stored not sent on 2025-03-26 17:41:24.241976: Price Spike WHEY

Spike found in prices for WHEY/20250500: need to manually check by running interactive_manual_check_historical_prices
********************************************************************************

********************************************************************************
Email stored not sent on 2025-03-27 07:33:23.523594: Price Spike CAC

Spike found in prices for CAC/20250600: need to manually check by running interactive_manual_check_historical_prices
********************************************************************************

********************************************************************************
Email stored not sent on 2025-03-27 07:34:44.413114: Price Spike CHEESE

Spike found in prices for CHEESE/20250600: need to manually check by running interactive_manual_check_historical_prices
********************************************************************************

********************************************************************************
Email stored not sent on 2025-03-27 07:35:36.579392: Price Spike CHINAA-CON

Spike found in prices for CHINAA-CON/20250600: need to manually check by running interactive_manual_check_historical_prices
********************************************************************************

********************************************************************************
Email stored not sent on 2025-03-27 08:02:03.981324: Price Spike MILK

Spike found in prices for MILK/20250700: need to manually check by running interactive_manual_check_historical_prices
********************************************************************************

********************************************************************************
Email stored not sent on 2025-03-27 08:02:30.131194: Price Spike MILKDRY

Spike found in prices for MILKDRY/20250700: need to manually check by running interactive_manual_check_historical_prices
********************************************************************************

********************************************************************************
Email stored not sent on 2025-03-27 08:07:14.662555: Price Spike SARONA

Spike found in prices for SARONA/20250300: need to manually check by running interactive_manual_check_historical_prices
********************************************************************************

********************************************************************************
Email stored not sent on 2025-03-27 08:07:16.889177: Price Spike SARONA

To reduce email load, won't send any more emails with this subject today. Use 'interactive_diagnostics', 'Emails' to see stored messages
********************************************************************************

********************************************************************************
Email stored not sent on 2025-03-27 08:07:16.892171: Price Spike SARONA

Spike found in prices for SARONA/20250600: need to manually check by running interactive_manual_check_historical_prices
********************************************************************************

********************************************************************************
Email stored not sent on 2025-03-27 08:07:18.394901: Price Spike SARONA

Spike found in prices for SARONA/20250900: need to manually check by running interactive_manual_check_historical_prices
********************************************************************************

********************************************************************************
Email stored not sent on 2025-03-27 08:07:20.255991: Price Spike SARONA

Spike found in prices for SARONA/20251200: need to manually check by running interactive_manual_check_historical_prices
********************************************************************************

********************************************************************************
Email stored not sent on 2025-03-27 08:07:22.112440: Price Spike SARONA

Spike found in prices for SARONA/20260300: need to manually check by running interactive_manual_check_historical_prices
********************************************************************************

********************************************************************************
Email stored not sent on 2025-03-27 08:12:31.753174: Price Spike SUGAR16

Spike found in prices for SUGAR16/20251100: need to manually check by running interactive_manual_check_historical_prices
********************************************************************************

********************************************************************************
Email stored not sent on 2025-03-27 08:19:25.782075: Price Spike WHEY

Spike found in prices for WHEY/20250500: need to manually check by running interactive_manual_check_historical_prices
********************************************************************************

********************************************************************************
Email stored not sent on 2025-03-27 17:02:38.104471: Price Spike CAC

Spike found in prices for CAC/20250600: need to manually check by running interactive_manual_check_historical_prices
********************************************************************************

********************************************************************************
Email stored not sent on 2025-03-27 17:03:16.586220: Price Spike CHEESE

Spike found in prices for CHEESE/20250600: need to manually check by running interactive_manual_check_historical_prices
********************************************************************************

********************************************************************************
Email stored not sent on 2025-03-27 17:04:05.292653: Price Spike CHINAA-CON

Spike found in prices for CHINAA-CON/20250600: need to manually check by running interactive_manual_check_historical_prices
********************************************************************************

********************************************************************************
Email stored not sent on 2025-03-27 17:26:31.959647: Price Spike MILK

Spike found in prices for MILK/20250700: need to manually check by running interactive_manual_check_historical_prices
********************************************************************************

********************************************************************************
Email stored not sent on 2025-03-27 17:26:39.568603: Price Spike MILKDRY

Spike found in prices for MILKDRY/20250700: need to manually check by running interactive_manual_check_historical_prices
********************************************************************************

********************************************************************************
Email stored not sent on 2025-03-27 17:31:13.220069: Price Spike SARONA

Spike found in prices for SARONA/20250300: need to manually check by running interactive_manual_check_historical_prices
********************************************************************************

********************************************************************************
Email stored not sent on 2025-03-27 17:31:14.961217: Price Spike SARONA

Spike found in prices for SARONA/20250600: need to manually check by running interactive_manual_check_historical_prices
********************************************************************************

********************************************************************************
Email stored not sent on 2025-03-27 17:31:16.848124: Price Spike SARONA

Spike found in prices for SARONA/20250900: need to manually check by running interactive_manual_check_historical_prices
********************************************************************************

********************************************************************************
Email stored not sent on 2025-03-27 17:31:18.918186: Price Spike SARONA

Spike found in prices for SARONA/20251200: need to manually check by running interactive_manual_check_historical_prices
********************************************************************************

********************************************************************************
Email stored not sent on 2025-03-27 17:31:20.842090: Price Spike SARONA

Spike found in prices for SARONA/20260300: need to manually check by running interactive_manual_check_historical_prices
********************************************************************************

********************************************************************************
Email stored not sent on 2025-03-27 17:35:21.496187: Price Spike SUGAR16

Spike found in prices for SUGAR16/20251100: need to manually check by running interactive_manual_check_historical_prices
********************************************************************************

********************************************************************************
Email stored not sent on 2025-03-27 17:42:02.900167: Price Spike WHEY

Spike found in prices for WHEY/20250500: need to manually check by running interactive_manual_check_historical_prices
********************************************************************************

********************************************************************************
Email stored not sent on 2025-03-28 07:33:23.371455: Price Spike CAC

Spike found in prices for CAC/20250600: need to manually check by running interactive_manual_check_historical_prices
********************************************************************************

********************************************************************************
Email stored not sent on 2025-03-28 07:34:43.893454: Price Spike CHEESE

Spike found in prices for CHEESE/20250600: need to manually check by running interactive_manual_check_historical_prices
********************************************************************************

********************************************************************************
Email stored not sent on 2025-03-28 07:35:37.014454: Price Spike CHINAA-CON

Spike found in prices for CHINAA-CON/20250600: need to manually check by running interactive_manual_check_historical_prices
********************************************************************************

********************************************************************************
Email stored not sent on 2025-03-28 08:01:05.556239: Price Spike MILK

Spike found in prices for MILK/20250700: need to manually check by running interactive_manual_check_historical_prices
********************************************************************************

********************************************************************************
Email stored not sent on 2025-03-28 08:01:36.148536: Price Spike MILKDRY

Spike found in prices for MILKDRY/20250700: need to manually check by running interactive_manual_check_historical_prices
********************************************************************************

********************************************************************************
Email stored not sent on 2025-03-28 08:06:13.060048: Price Spike SARONA

Spike found in prices for SARONA/20250300: need to manually check by running interactive_manual_check_historical_prices
********************************************************************************

********************************************************************************
Email stored not sent on 2025-03-28 08:06:14.945830: Price Spike SARONA

Spike found in prices for SARONA/20250600: need to manually check by running interactive_manual_check_historical_prices
********************************************************************************

********************************************************************************
Email stored not sent on 2025-03-28 08:06:16.852521: Price Spike SARONA

Spike found in prices for SARONA/20250900: need to manually check by running interactive_manual_check_historical_prices
********************************************************************************

********************************************************************************
Email stored not sent on 2025-03-28 08:06:18.684405: Price Spike SARONA

Spike found in prices for SARONA/20251200: need to manually check by running interactive_manual_check_historical_prices
********************************************************************************

********************************************************************************
Email stored not sent on 2025-03-28 08:06:20.373185: Price Spike SARONA

Spike found in prices for SARONA/20260300: need to manually check by running interactive_manual_check_historical_prices
********************************************************************************

********************************************************************************
Email stored not sent on 2025-03-28 08:11:13.221380: Price Spike SUGAR16

To reduce email load, won't send any more emails with this subject today. Use 'interactive_diagnostics', 'Emails' to see stored messages
********************************************************************************

********************************************************************************
Email stored not sent on 2025-03-28 08:11:13.223386: Price Spike SUGAR16

Spike found in prices for SUGAR16/20251100: need to manually check by running interactive_manual_check_historical_prices
********************************************************************************

********************************************************************************
Email stored not sent on 2025-03-28 08:18:16.563474: Price Spike WHEY

To reduce email load, won't send any more emails with this subject today. Use 'interactive_diagnostics', 'Emails' to see stored messages
********************************************************************************

********************************************************************************
Email stored not sent on 2025-03-28 08:18:16.565473: Price Spike WHEY

Spike found in prices for WHEY/20250500: need to manually check by running interactive_manual_check_historical_prices
********************************************************************************

********************************************************************************
Email stored not sent on 2025-03-28 17:02:28.439723: Price Spike CAC

To reduce email load, won't send any more emails with this subject today. Use 'interactive_diagnostics', 'Emails' to see stored messages
********************************************************************************

********************************************************************************
Email stored not sent on 2025-03-28 17:02:28.466730: Price Spike CAC

Spike found in prices for CAC/20250600: need to manually check by running interactive_manual_check_historical_prices
********************************************************************************

********************************************************************************
Email stored not sent on 2025-03-28 17:03:47.288936: Price Spike CHEESE

To reduce email load, won't send any more emails with this subject today. Use 'interactive_diagnostics', 'Emails' to see stored messages
********************************************************************************

********************************************************************************
Email stored not sent on 2025-03-28 17:03:47.291937: Price Spike CHEESE

Spike found in prices for CHEESE/20250600: need to manually check by running interactive_manual_check_historical_prices
********************************************************************************

********************************************************************************
Email stored not sent on 2025-03-28 17:04:24.624397: Price Spike CHINAA-CON

To reduce email load, won't send any more emails with this subject today. Use 'interactive_diagnostics', 'Emails' to see stored messages
********************************************************************************

********************************************************************************
Email stored not sent on 2025-03-28 17:04:24.627416: Price Spike CHINAA-CON

Spike found in prices for CHINAA-CON/20250600: need to manually check by running interactive_manual_check_historical_prices
********************************************************************************

********************************************************************************
Email stored not sent on 2025-03-28 17:26:22.985065: Price Spike MILK

To reduce email load, won't send any more emails with this subject today. Use 'interactive_diagnostics', 'Emails' to see stored messages
********************************************************************************

********************************************************************************
Email stored not sent on 2025-03-28 17:26:22.988092: Price Spike MILK

Spike found in prices for MILK/20250700: need to manually check by running interactive_manual_check_historical_prices
********************************************************************************

********************************************************************************
Email stored not sent on 2025-03-28 17:26:31.106381: Price Spike MILKDRY

To reduce email load, won't send any more emails with this subject today. Use 'interactive_diagnostics', 'Emails' to see stored messages
********************************************************************************

********************************************************************************
Email stored not sent on 2025-03-28 17:26:31.108379: Price Spike MILKDRY

Spike found in prices for MILKDRY/20250700: need to manually check by running interactive_manual_check_historical_prices
********************************************************************************

********************************************************************************
Email stored not sent on 2025-03-28 17:30:40.629412: Price Spike SARONA

Spike found in prices for SARONA/20250300: need to manually check by running interactive_manual_check_historical_prices
********************************************************************************

********************************************************************************
Email stored not sent on 2025-03-28 17:30:42.837995: Price Spike SARONA

To reduce email load, won't send any more emails with this subject today. Use 'interactive_diagnostics', 'Emails' to see stored messages
********************************************************************************

********************************************************************************
Email stored not sent on 2025-03-28 17:30:42.840026: Price Spike SARONA

Spike found in prices for SARONA/20250600: need to manually check by running interactive_manual_check_historical_prices
********************************************************************************

********************************************************************************
Email stored not sent on 2025-03-28 17:30:44.344553: Price Spike SARONA

Spike found in prices for SARONA/20250900: need to manually check by running interactive_manual_check_historical_prices
********************************************************************************

********************************************************************************
Email stored not sent on 2025-03-28 17:30:46.276705: Price Spike SARONA

Spike found in prices for SARONA/20251200: need to manually check by running interactive_manual_check_historical_prices
********************************************************************************

********************************************************************************
Email stored not sent on 2025-03-28 17:30:48.182280: Price Spike SARONA

Spike found in prices for SARONA/20260300: need to manually check by running interactive_manual_check_historical_prices
********************************************************************************

********************************************************************************
Email stored not sent on 2025-03-28 17:34:30.838737: Price Spike SUGAR16

Spike found in prices for SUGAR16/20251100: need to manually check by running interactive_manual_check_historical_prices
********************************************************************************

********************************************************************************
Email stored not sent on 2025-03-28 17:40:46.161320: Price Spike WHEY

Spike found in prices for WHEY/20250500: need to manually check by running interactive_manual_check_historical_prices
********************************************************************************

********************************************************************************
Email stored not sent on 2025-03-31 07:33:00.207313: Price Spike CAC

Spike found in prices for CAC/20250600: need to manually check by running interactive_manual_check_historical_prices
********************************************************************************

********************************************************************************
Email stored not sent on 2025-03-31 07:33:52.868142: Price Spike CHEESE

Spike found in prices for CHEESE/20250600: need to manually check by running interactive_manual_check_historical_prices
********************************************************************************

********************************************************************************
Email stored not sent on 2025-03-31 07:34:40.884171: Price Spike CHINAA-CON

Spike found in prices for CHINAA-CON/20250600: need to manually check by running interactive_manual_check_historical_prices
********************************************************************************

********************************************************************************
Email stored not sent on 2025-03-31 07:55:22.071739: Price Spike MILK

Spike found in prices for MILK/20250700: need to manually check by running interactive_manual_check_historical_prices
********************************************************************************

********************************************************************************
Email stored not sent on 2025-03-31 07:55:51.850062: Price Spike MILKDRY

Spike found in prices for MILKDRY/20250700: need to manually check by running interactive_manual_check_historical_prices
********************************************************************************

********************************************************************************
Email stored not sent on 2025-03-31 07:59:59.175923: Price Spike SARONA

Spike found in prices for SARONA/20250300: need to manually check by running interactive_manual_check_historical_prices
********************************************************************************

********************************************************************************
Email stored not sent on 2025-03-31 08:00:01.527920: Price Spike SARONA

To reduce email load, won't send any more emails with this subject today. Use 'interactive_diagnostics', 'Emails' to see stored messages
********************************************************************************

********************************************************************************
Email stored not sent on 2025-03-31 08:00:01.529894: Price Spike SARONA

Spike found in prices for SARONA/20250600: need to manually check by running interactive_manual_check_historical_prices
********************************************************************************

********************************************************************************
Email stored not sent on 2025-03-31 08:00:03.049894: Price Spike SARONA

Spike found in prices for SARONA/20250900: need to manually check by running interactive_manual_check_historical_prices
********************************************************************************

********************************************************************************
Email stored not sent on 2025-03-31 08:00:04.965895: Price Spike SARONA

Spike found in prices for SARONA/20251200: need to manually check by running interactive_manual_check_historical_prices
********************************************************************************

********************************************************************************
Email stored not sent on 2025-03-31 08:00:06.888897: Price Spike SARONA

Spike found in prices for SARONA/20260300: need to manually check by running interactive_manual_check_historical_prices
********************************************************************************

********************************************************************************
Email stored not sent on 2025-03-31 08:03:30.416947: Price Spike SUGAR16

Spike found in prices for SUGAR16/20251100: need to manually check by running interactive_manual_check_historical_prices
********************************************************************************

********************************************************************************
Email stored not sent on 2025-03-31 08:10:03.676285: Price Spike WHEY

Spike found in prices for WHEY/20250500: need to manually check by running interactive_manual_check_historical_prices
********************************************************************************

********************************************************************************
Email stored not sent on 2025-03-31 17:02:29.126747: Price Spike CAC

To reduce email load, won't send any more emails with this subject today. Use 'interactive_diagnostics', 'Emails' to see stored messages
********************************************************************************

********************************************************************************
Email stored not sent on 2025-03-31 17:02:29.129738: Price Spike CAC

Spike found in prices for CAC/20250600: need to manually check by running interactive_manual_check_historical_prices
********************************************************************************

********************************************************************************
Email stored not sent on 2025-03-31 17:03:48.469745: Price Spike CHEESE

To reduce email load, won't send any more emails with this subject today. Use 'interactive_diagnostics', 'Emails' to see stored messages
********************************************************************************

********************************************************************************
Email stored not sent on 2025-03-31 17:03:48.472779: Price Spike CHEESE

Spike found in prices for CHEESE/20250600: need to manually check by running interactive_manual_check_historical_prices
********************************************************************************

********************************************************************************
Email stored not sent on 2025-03-31 17:04:25.289909: Price Spike CHINAA-CON

To reduce email load, won't send any more emails with this subject today. Use 'interactive_diagnostics', 'Emails' to see stored messages
********************************************************************************

********************************************************************************
Email stored not sent on 2025-03-31 17:04:25.292888: Price Spike CHINAA-CON

Spike found in prices for CHINAA-CON/20250600: need to manually check by running interactive_manual_check_historical_prices
********************************************************************************

********************************************************************************
Email stored not sent on 2025-03-31 17:25:18.381088: Price Spike MILK

To reduce email load, won't send any more emails with this subject today. Use 'interactive_diagnostics', 'Emails' to see stored messages
********************************************************************************

********************************************************************************
Email stored not sent on 2025-03-31 17:25:18.384064: Price Spike MILK

Spike found in prices for MILK/20250700: need to manually check by running interactive_manual_check_historical_prices
********************************************************************************

********************************************************************************
Email stored not sent on 2025-03-31 17:25:26.650097: Price Spike MILKDRY

To reduce email load, won't send any more emails with this subject today. Use 'interactive_diagnostics', 'Emails' to see stored messages
********************************************************************************

********************************************************************************
Email stored not sent on 2025-03-31 17:25:26.653099: Price Spike MILKDRY

Spike found in prices for MILKDRY/20250700: need to manually check by running interactive_manual_check_historical_prices
********************************************************************************

********************************************************************************
Email stored not sent on 2025-03-31 17:29:34.127431: Price Spike SARONA

Spike found in prices for SARONA/20250300: need to manually check by running interactive_manual_check_historical_prices
********************************************************************************

********************************************************************************
Email stored not sent on 2025-03-31 17:29:35.961431: Price Spike SARONA

Spike found in prices for SARONA/20250600: need to manually check by running interactive_manual_check_historical_prices
********************************************************************************

********************************************************************************
Email stored not sent on 2025-03-31 17:29:37.958429: Price Spike SARONA

Spike found in prices for SARONA/20250900: need to manually check by running interactive_manual_check_historical_prices
********************************************************************************

********************************************************************************
Email stored not sent on 2025-03-31 17:29:39.887446: Price Spike SARONA

Spike found in prices for SARONA/20251200: need to manually check by running interactive_manual_check_historical_prices
********************************************************************************

********************************************************************************
Email stored not sent on 2025-03-31 17:29:41.880432: Price Spike SARONA

Spike found in prices for SARONA/20260300: need to manually check by running interactive_manual_check_historical_prices
********************************************************************************

********************************************************************************
Email stored not sent on 2025-03-31 17:33:27.556024: Price Spike SUGAR16

To reduce email load, won't send any more emails with this subject today. Use 'interactive_diagnostics', 'Emails' to see stored messages
********************************************************************************

********************************************************************************
Email stored not sent on 2025-03-31 17:33:27.558024: Price Spike SUGAR16

Spike found in prices for SUGAR16/20251100: need to manually check by running interactive_manual_check_historical_prices
********************************************************************************

********************************************************************************
Email stored not sent on 2025-03-31 17:40:18.783799: Price Spike WHEY

To reduce email load, won't send any more emails with this subject today. Use 'interactive_diagnostics', 'Emails' to see stored messages
********************************************************************************

********************************************************************************
Email stored not sent on 2025-03-31 17:40:18.786816: Price Spike WHEY

Spike found in prices for WHEY/20250500: need to manually check by running interactive_manual_check_historical_prices
********************************************************************************

********************************************************************************
Email stored not sent on 2025-04-01 07:33:22.784379: Price Spike CAC

Spike found in prices for CAC/20250600: need to manually check by running interactive_manual_check_historical_prices
********************************************************************************

********************************************************************************
Email stored not sent on 2025-04-01 07:34:42.412002: Price Spike CHEESE

Spike found in prices for CHEESE/20250600: need to manually check by running interactive_manual_check_historical_prices
********************************************************************************

********************************************************************************
Email stored not sent on 2025-04-01 07:35:35.556389: Price Spike CHINAA-CON

Spike found in prices for CHINAA-CON/20250600: need to manually check by running interactive_manual_check_historical_prices
********************************************************************************

********************************************************************************
Email stored not sent on 2025-04-01 08:00:00.854648: Price Spike MILK

Spike found in prices for MILK/20250700: need to manually check by running interactive_manual_check_historical_prices
********************************************************************************

********************************************************************************
Email stored not sent on 2025-04-01 08:00:22.028472: Price Spike MILKDRY

Spike found in prices for MILKDRY/20250700: need to manually check by running interactive_manual_check_historical_prices
********************************************************************************

********************************************************************************
Email stored not sent on 2025-04-01 08:05:07.295736: Price Spike SARONA

Spike found in prices for SARONA/20250300: need to manually check by running interactive_manual_check_historical_prices
********************************************************************************

********************************************************************************
Email stored not sent on 2025-04-01 08:05:10.231871: Price Spike SARONA

To reduce email load, won't send any more emails with this subject today. Use 'interactive_diagnostics', 'Emails' to see stored messages
********************************************************************************

********************************************************************************
Email stored not sent on 2025-04-01 08:05:10.233881: Price Spike SARONA

Spike found in prices for SARONA/20250600: need to manually check by running interactive_manual_check_historical_prices
********************************************************************************

********************************************************************************
Email stored not sent on 2025-04-01 08:05:11.734118: Price Spike SARONA

Spike found in prices for SARONA/20250900: need to manually check by running interactive_manual_check_historical_prices
********************************************************************************

********************************************************************************
Email stored not sent on 2025-04-01 08:05:13.503248: Price Spike SARONA

Spike found in prices for SARONA/20251200: need to manually check by running interactive_manual_check_historical_prices
********************************************************************************

********************************************************************************
Email stored not sent on 2025-04-01 08:05:15.360690: Price Spike SARONA

Spike found in prices for SARONA/20260300: need to manually check by running interactive_manual_check_historical_prices
********************************************************************************

********************************************************************************
Email stored not sent on 2025-04-01 08:10:00.781271: Price Spike SUGAR16

Spike found in prices for SUGAR16/20251100: need to manually check by running interactive_manual_check_historical_prices
********************************************************************************

********************************************************************************
Email stored not sent on 2025-04-01 08:17:05.590992: Price Spike WHEY

Spike found in prices for WHEY/20250500: need to manually check by running interactive_manual_check_historical_prices
********************************************************************************

********************************************************************************
Email stored not sent on 2025-04-01 17:02:18.512141: Price Spike CAC

Spike found in prices for CAC/20250600: need to manually check by running interactive_manual_check_historical_prices
********************************************************************************

********************************************************************************
Email stored not sent on 2025-04-01 17:03:37.075443: Price Spike CHEESE

Spike found in prices for CHEESE/20250600: need to manually check by running interactive_manual_check_historical_prices
********************************************************************************

********************************************************************************
Email stored not sent on 2025-04-01 17:04:14.149366: Price Spike CHINAA-CON

Spike found in prices for CHINAA-CON/20250600: need to manually check by running interactive_manual_check_historical_prices
********************************************************************************

********************************************************************************
Email stored not sent on 2025-04-01 17:25:01.269217: Price Spike MILK

Spike found in prices for MILK/20250700: need to manually check by running interactive_manual_check_historical_prices
********************************************************************************

********************************************************************************
Email stored not sent on 2025-04-01 17:25:08.917576: Price Spike MILKDRY

Spike found in prices for MILKDRY/20250700: need to manually check by running interactive_manual_check_historical_prices
********************************************************************************

********************************************************************************
Email stored not sent on 2025-04-01 17:29:17.388516: Price Spike SARONA

Spike found in prices for SARONA/20250300: need to manually check by running interactive_manual_check_historical_prices
********************************************************************************

********************************************************************************
Email stored not sent on 2025-04-01 17:29:19.416339: Price Spike SARONA

Spike found in prices for SARONA/20250600: need to manually check by running interactive_manual_check_historical_prices
********************************************************************************

********************************************************************************
Email stored not sent on 2025-04-01 17:29:21.269241: Price Spike SARONA

Spike found in prices for SARONA/20250900: need to manually check by running interactive_manual_check_historical_prices
********************************************************************************

********************************************************************************
Email stored not sent on 2025-04-01 17:29:23.199096: Price Spike SARONA

Spike found in prices for SARONA/20251200: need to manually check by running interactive_manual_check_historical_prices
********************************************************************************

********************************************************************************
Email stored not sent on 2025-04-01 17:29:25.065759: Price Spike SARONA

Spike found in prices for SARONA/20260300: need to manually check by running interactive_manual_check_historical_prices
********************************************************************************

********************************************************************************
Email stored not sent on 2025-04-01 17:33:03.906389: Price Spike SUGAR16

Spike found in prices for SUGAR16/20250500: need to manually check by running interactive_manual_check_historical_prices
********************************************************************************

********************************************************************************
Email stored not sent on 2025-04-01 17:33:09.280478: Price Spike SUGAR16

Spike found in prices for SUGAR16/20251100: need to manually check by running interactive_manual_check_historical_prices
********************************************************************************

********************************************************************************
Email stored not sent on 2025-04-01 17:39:24.782103: Price Spike WHEY

Spike found in prices for WHEY/20250500: need to manually check by running interactive_manual_check_historical_prices
********************************************************************************

********************************************************************************
Email stored not sent on 2025-04-02 07:32:48.419761: Price Spike CAC

Spike found in prices for CAC/20250600: need to manually check by running interactive_manual_check_historical_prices
********************************************************************************

********************************************************************************
Email stored not sent on 2025-04-02 07:33:42.826853: Price Spike CHEESE

Spike found in prices for CHEESE/20250600: need to manually check by running interactive_manual_check_historical_prices
********************************************************************************

********************************************************************************
Email stored not sent on 2025-04-02 07:34:25.956289: Price Spike CHINAA-CON

Spike found in prices for CHINAA-CON/20250600: need to manually check by running interactive_manual_check_historical_prices
********************************************************************************

********************************************************************************
Email stored not sent on 2025-04-02 07:58:37.521045: Price Spike MILK

Spike found in prices for MILK/20250700: need to manually check by running interactive_manual_check_historical_prices
********************************************************************************

********************************************************************************
Email stored not sent on 2025-04-02 07:59:08.840606: Price Spike MILKDRY

Spike found in prices for MILKDRY/20250700: need to manually check by running interactive_manual_check_historical_prices
********************************************************************************

********************************************************************************
Email stored not sent on 2025-04-02 08:04:02.084202: Price Spike SARONA

Spike found in prices for SARONA/20250300: need to manually check by running interactive_manual_check_historical_prices
********************************************************************************

********************************************************************************
Email stored not sent on 2025-04-02 08:04:03.996910: Price Spike SARONA

Spike found in prices for SARONA/20250600: need to manually check by running interactive_manual_check_historical_prices
********************************************************************************

********************************************************************************
Email stored not sent on 2025-04-02 08:04:05.924155: Price Spike SARONA

Spike found in prices for SARONA/20250900: need to manually check by running interactive_manual_check_historical_prices
********************************************************************************

********************************************************************************
Email stored not sent on 2025-04-02 08:04:07.787896: Price Spike SARONA

Spike found in prices for SARONA/20251200: need to manually check by running interactive_manual_check_historical_prices
********************************************************************************

********************************************************************************
Email stored not sent on 2025-04-02 08:04:09.656249: Price Spike SARONA

Spike found in prices for SARONA/20260300: need to manually check by running interactive_manual_check_historical_prices
********************************************************************************

********************************************************************************
Email stored not sent on 2025-04-02 08:08:54.363873: Price Spike SUGAR16

Spike found in prices for SUGAR16/20250500: need to manually check by running interactive_manual_check_historical_prices
********************************************************************************

********************************************************************************
Email stored not sent on 2025-04-02 08:08:59.875646: Price Spike SUGAR16

To reduce email load, won't send any more emails with this subject today. Use 'interactive_diagnostics', 'Emails' to see stored messages
********************************************************************************

********************************************************************************
Email stored not sent on 2025-04-02 08:08:59.877645: Price Spike SUGAR16

Spike found in prices for SUGAR16/20251100: need to manually check by running interactive_manual_check_historical_prices
********************************************************************************

********************************************************************************
Email stored not sent on 2025-04-02 08:15:57.624052: Price Spike WHEY

Spike found in prices for WHEY/20250500: need to manually check by running interactive_manual_check_historical_prices
********************************************************************************

********************************************************************************
Email stored not sent on 2025-04-02 17:10:11.938895: Price Spike CAC

To reduce email load, won't send any more emails with this subject today. Use 'interactive_diagnostics', 'Emails' to see stored messages
********************************************************************************

********************************************************************************
Email stored not sent on 2025-04-02 17:10:13.276392: Price Spike CAC

Spike found in prices for CAC/20250600: need to manually check by running interactive_manual_check_historical_prices
********************************************************************************

********************************************************************************
Email stored not sent on 2025-04-02 17:18:17.601570: Price Spike CHEESE

To reduce email load, won't send any more emails with this subject today. Use 'interactive_diagnostics', 'Emails' to see stored messages
********************************************************************************

********************************************************************************
Email stored not sent on 2025-04-02 17:18:18.737243: Price Spike CHEESE

Spike found in prices for CHEESE/20250600: need to manually check by running interactive_manual_check_historical_prices
********************************************************************************

********************************************************************************
Email stored not sent on 2025-04-02 17:19:10.727952: Price Spike CHINAA-CON

To reduce email load, won't send any more emails with this subject today. Use 'interactive_diagnostics', 'Emails' to see stored messages
********************************************************************************

********************************************************************************
Email stored not sent on 2025-04-02 17:19:10.730952: Price Spike CHINAA-CON

Spike found in prices for CHINAA-CON/20250600: need to manually check by running interactive_manual_check_historical_prices
********************************************************************************

********************************************************************************
Email stored not sent on 2025-04-02 18:34:17.478245: Price Spike MILK

To reduce email load, won't send any more emails with this subject today. Use 'interactive_diagnostics', 'Emails' to see stored messages
********************************************************************************

********************************************************************************
Email stored not sent on 2025-04-02 18:34:18.774872: Price Spike MILK

Spike found in prices for MILK/20250700: need to manually check by running interactive_manual_check_historical_prices
********************************************************************************

********************************************************************************
Email stored not sent on 2025-04-02 18:35:49.365175: Price Spike MILKDRY

To reduce email load, won't send any more emails with this subject today. Use 'interactive_diagnostics', 'Emails' to see stored messages
********************************************************************************

********************************************************************************
Email stored not sent on 2025-04-02 18:35:50.876614: Price Spike MILKDRY

Spike found in prices for MILKDRY/20250700: need to manually check by running interactive_manual_check_historical_prices
********************************************************************************

********************************************************************************
Email stored not sent on 2025-04-02 18:56:18.472284: Price Spike SARONA

Spike found in prices for SARONA/20250300: need to manually check by running interactive_manual_check_historical_prices
********************************************************************************

********************************************************************************
Email stored not sent on 2025-04-02 18:56:31.970853: Price Spike SARONA

To reduce email load, won't send any more emails with this subject today. Use 'interactive_diagnostics', 'Emails' to see stored messages
********************************************************************************

********************************************************************************
Email stored not sent on 2025-04-02 18:56:31.972853: Price Spike SARONA

Spike found in prices for SARONA/20250600: need to manually check by running interactive_manual_check_historical_prices
********************************************************************************

********************************************************************************
Email stored not sent on 2025-04-02 18:56:33.503827: Price Spike SARONA

Spike found in prices for SARONA/20250900: need to manually check by running interactive_manual_check_historical_prices
********************************************************************************

********************************************************************************
Email stored not sent on 2025-04-02 18:56:35.412854: Price Spike SARONA

Spike found in prices for SARONA/20251200: need to manually check by running interactive_manual_check_historical_prices
********************************************************************************

********************************************************************************
Email stored not sent on 2025-04-02 18:56:37.298322: Price Spike SARONA

Spike found in prices for SARONA/20260300: need to manually check by running interactive_manual_check_historical_prices
********************************************************************************

********************************************************************************
Email stored not sent on 2025-04-02 19:12:33.714165: Price Spike SUGAR16

Spike found in prices for SUGAR16/20250500: need to manually check by running interactive_manual_check_historical_prices
********************************************************************************

********************************************************************************
Email stored not sent on 2025-04-02 19:12:58.967193: Price Spike SUGAR16

Spike found in prices for SUGAR16/20251100: need to manually check by running interactive_manual_check_historical_prices
********************************************************************************

********************************************************************************
Email stored not sent on 2025-04-02 19:20:00.527815: Price Spike WHEY

To reduce email load, won't send any more emails with this subject today. Use 'interactive_diagnostics', 'Emails' to see stored messages
********************************************************************************

********************************************************************************
Email stored not sent on 2025-04-02 19:20:00.530814: Price Spike WHEY

Spike found in prices for WHEY/20250500: need to manually check by running interactive_manual_check_historical_prices
********************************************************************************

********************************************************************************
Email stored not sent on 2025-04-03 07:32:46.642941: Price Spike CAC

Spike found in prices for CAC/20250600: need to manually check by running interactive_manual_check_historical_prices
********************************************************************************

********************************************************************************
Email stored not sent on 2025-04-03 07:33:26.940561: Price Spike CHEESE

Spike found in prices for CHEESE/20250600: need to manually check by running interactive_manual_check_historical_prices
********************************************************************************

********************************************************************************
Email stored not sent on 2025-04-03 07:34:18.918059: Price Spike CHINAA-CON

Spike found in prices for CHINAA-CON/20250600: need to manually check by running interactive_manual_check_historical_prices
********************************************************************************

********************************************************************************
Email stored not sent on 2025-04-03 07:37:20.230944: Price Spike COTTON2

Spike found in prices for COTTON2/20250500: need to manually check by running interactive_manual_check_historical_prices
********************************************************************************

********************************************************************************
Email stored not sent on 2025-04-03 07:37:24.083907: Price Spike COTTON2

To reduce email load, won't send any more emails with this subject today. Use 'interactive_diagnostics', 'Emails' to see stored messages
********************************************************************************

********************************************************************************
Email stored not sent on 2025-04-03 07:37:24.085927: Price Spike COTTON2

Spike found in prices for COTTON2/20250700: need to manually check by running interactive_manual_check_historical_prices
********************************************************************************

********************************************************************************
Email stored not sent on 2025-04-03 07:40:36.115741: Price Spike DX

Spike found in prices for DX/20250600: need to manually check by running interactive_manual_check_historical_prices
********************************************************************************

********************************************************************************
Email stored not sent on 2025-04-03 07:55:32.358580: Price Spike JGB-SGX-mini

Spike found in prices for JGB-SGX-mini/20250600: need to manually check by running interactive_manual_check_historical_prices
********************************************************************************

********************************************************************************
Email stored not sent on 2025-04-03 07:55:38.427348: Price Spike JGB

Spike found in prices for JGB/20250600: need to manually check by running interactive_manual_check_historical_prices
********************************************************************************

********************************************************************************
Email stored not sent on 2025-04-03 07:58:17.487587: Price Spike MILK

Spike found in prices for MILK/20250700: need to manually check by running interactive_manual_check_historical_prices
********************************************************************************

********************************************************************************
Email stored not sent on 2025-04-03 07:58:26.042934: Price Spike MILKDRY

Spike found in prices for MILKDRY/20250700: need to manually check by running interactive_manual_check_historical_prices
********************************************************************************

********************************************************************************
Email stored not sent on 2025-04-03 08:03:14.442503: Price Spike SARONA

Spike found in prices for SARONA/20250300: need to manually check by running interactive_manual_check_historical_prices
********************************************************************************

********************************************************************************
Email stored not sent on 2025-04-03 08:03:16.292500: Price Spike SARONA

Spike found in prices for SARONA/20250600: need to manually check by running interactive_manual_check_historical_prices
********************************************************************************

********************************************************************************
Email stored not sent on 2025-04-03 08:03:18.162500: Price Spike SARONA

Spike found in prices for SARONA/20250900: need to manually check by running interactive_manual_check_historical_prices
********************************************************************************

********************************************************************************
Email stored not sent on 2025-04-03 08:03:19.820500: Price Spike SARONA

Spike found in prices for SARONA/20251200: need to manually check by running interactive_manual_check_historical_prices
********************************************************************************

********************************************************************************
Email stored not sent on 2025-04-03 08:03:21.558546: Price Spike SARONA

Spike found in prices for SARONA/20260300: need to manually check by running interactive_manual_check_historical_prices
********************************************************************************

********************************************************************************
Email stored not sent on 2025-04-03 08:08:07.410051: Price Spike SUGAR16

Spike found in prices for SUGAR16/20250500: need to manually check by running interactive_manual_check_historical_prices
********************************************************************************

********************************************************************************
Email stored not sent on 2025-04-03 08:08:12.544052: Price Spike SUGAR16

Spike found in prices for SUGAR16/20251100: need to manually check by running interactive_manual_check_historical_prices
********************************************************************************

********************************************************************************
Email stored not sent on 2025-04-03 08:15:05.982118: Price Spike WHEY

Spike found in prices for WHEY/20250500: need to manually check by running interactive_manual_check_historical_prices
********************************************************************************

********************************************************************************
Email stored not sent on 2025-04-03 17:08:23.151848: Price Spike CAC

Spike found in prices for CAC/20250600: need to manually check by running interactive_manual_check_historical_prices
********************************************************************************

********************************************************************************
Email stored not sent on 2025-04-03 17:09:40.175561: Price Spike CHEESE

Spike found in prices for CHEESE/20250600: need to manually check by running interactive_manual_check_historical_prices
********************************************************************************

********************************************************************************
Email stored not sent on 2025-04-03 17:10:12.683616: Price Spike CHINAA-CON

Spike found in prices for CHINAA-CON/20250600: need to manually check by running interactive_manual_check_historical_prices
********************************************************************************

********************************************************************************
Email stored not sent on 2025-04-03 17:12:53.576432: Price Spike COTTON2

Spike found in prices for COTTON2/20250500: need to manually check by running interactive_manual_check_historical_prices
********************************************************************************

********************************************************************************
Email stored not sent on 2025-04-03 17:12:55.105717: Price Spike COTTON2

Spike found in prices for COTTON2/20250700: need to manually check by running interactive_manual_check_historical_prices
********************************************************************************

********************************************************************************
Email stored not sent on 2025-04-03 17:15:05.390680: Price Spike DX

To reduce email load, won't send any more emails with this subject today. Use 'interactive_diagnostics', 'Emails' to see stored messages
********************************************************************************

********************************************************************************
Email stored not sent on 2025-04-03 17:15:05.393679: Price Spike DX

Spike found in prices for DX/20250600: need to manually check by running interactive_manual_check_historical_prices
********************************************************************************

********************************************************************************
Email stored not sent on 2025-04-03 17:28:22.655117: Price Spike JGB-SGX-mini

To reduce email load, won't send any more emails with this subject today. Use 'interactive_diagnostics', 'Emails' to see stored messages
********************************************************************************

********************************************************************************
Email stored not sent on 2025-04-03 17:28:22.657117: Price Spike JGB-SGX-mini

Spike found in prices for JGB-SGX-mini/20250600: need to manually check by running interactive_manual_check_historical_prices
********************************************************************************

********************************************************************************
Email stored not sent on 2025-04-03 17:28:28.995261: Price Spike JGB

To reduce email load, won't send any more emails with this subject today. Use 'interactive_diagnostics', 'Emails' to see stored messages
********************************************************************************

********************************************************************************
Email stored not sent on 2025-04-03 17:28:28.998257: Price Spike JGB

Spike found in prices for JGB/20250600: need to manually check by running interactive_manual_check_historical_prices
********************************************************************************

********************************************************************************
Email stored not sent on 2025-04-03 17:31:05.628035: Price Spike MILK

Spike found in prices for MILK/20250700: need to manually check by running interactive_manual_check_historical_prices
********************************************************************************

********************************************************************************
Email stored not sent on 2025-04-03 17:31:11.692332: Price Spike MILKDRY

Spike found in prices for MILKDRY/20250700: need to manually check by running interactive_manual_check_historical_prices
********************************************************************************

********************************************************************************
Email stored not sent on 2025-04-03 17:35:33.099375: Price Spike SARONA

Spike found in prices for SARONA/20250300: need to manually check by running interactive_manual_check_historical_prices
********************************************************************************

********************************************************************************
Email stored not sent on 2025-04-03 17:35:35.001811: Price Spike SARONA

Spike found in prices for SARONA/20250600: need to manually check by running interactive_manual_check_historical_prices
********************************************************************************

********************************************************************************
Email stored not sent on 2025-04-03 17:35:36.872672: Price Spike SARONA

Spike found in prices for SARONA/20250900: need to manually check by running interactive_manual_check_historical_prices
********************************************************************************

********************************************************************************
Email stored not sent on 2025-04-03 17:35:38.757819: Price Spike SARONA

Spike found in prices for SARONA/20251200: need to manually check by running interactive_manual_check_historical_prices
********************************************************************************

********************************************************************************
Email stored not sent on 2025-04-03 17:35:40.657757: Price Spike SARONA

Spike found in prices for SARONA/20260300: need to manually check by running interactive_manual_check_historical_prices
********************************************************************************

********************************************************************************
Email stored not sent on 2025-04-03 17:39:18.439205: Price Spike SUGAR16

Spike found in prices for SUGAR16/20250500: need to manually check by running interactive_manual_check_historical_prices
********************************************************************************

********************************************************************************
Email stored not sent on 2025-04-03 17:39:24.172465: Price Spike SUGAR16

To reduce email load, won't send any more emails with this subject today. Use 'interactive_diagnostics', 'Emails' to see stored messages
********************************************************************************

********************************************************************************
Email stored not sent on 2025-04-03 17:39:24.175466: Price Spike SUGAR16

Spike found in prices for SUGAR16/20251100: need to manually check by running interactive_manual_check_historical_prices
********************************************************************************

********************************************************************************
Email stored not sent on 2025-04-03 17:46:34.833463: Price Spike WHEY

Spike found in prices for WHEY/20250500: need to manually check by running interactive_manual_check_historical_prices
********************************************************************************

********************************************************************************
Email stored not sent on 2025-04-04 07:31:39.811441: Price Spike BRENT_W

Spike found in prices for BRENT_W/20250600: need to manually check by running interactive_manual_check_historical_prices
********************************************************************************

********************************************************************************
Email stored not sent on 2025-04-04 07:31:41.810000: Price Spike BRENT_W

To reduce email load, won't send any more emails with this subject today. Use 'interactive_diagnostics', 'Emails' to see stored messages
********************************************************************************

********************************************************************************
Email stored not sent on 2025-04-04 07:31:41.811999: Price Spike BRENT_W

Spike found in prices for BRENT_W/20250700: need to manually check by running interactive_manual_check_historical_prices
********************************************************************************

********************************************************************************
Email stored not sent on 2025-04-04 07:32:53.337863: Price Spike CAC

Spike found in prices for CAC/20250600: need to manually check by running interactive_manual_check_historical_prices
********************************************************************************

********************************************************************************
Email stored not sent on 2025-04-04 07:33:34.178789: Price Spike CHEESE

Spike found in prices for CHEESE/20250600: need to manually check by running interactive_manual_check_historical_prices
********************************************************************************

********************************************************************************
Email stored not sent on 2025-04-04 07:34:25.856674: Price Spike CHINAA-CON

Spike found in prices for CHINAA-CON/20250600: need to manually check by running interactive_manual_check_historical_prices
********************************************************************************

********************************************************************************
Email stored not sent on 2025-04-04 07:37:42.164543: Price Spike CRUDE_ICE

Spike found in prices for CRUDE_ICE/20250500: need to manually check by running interactive_manual_check_historical_prices
********************************************************************************

********************************************************************************
Email stored not sent on 2025-04-04 07:40:41.481985: Price Spike DX

Spike found in prices for DX/20250600: need to manually check by running interactive_manual_check_historical_prices
********************************************************************************

********************************************************************************
Email stored not sent on 2025-04-04 07:49:54.202932: Price Spike FTSECHINAA

Spike found in prices for FTSECHINAA/20250400: need to manually check by running interactive_manual_check_historical_prices
********************************************************************************

********************************************************************************
Email stored not sent on 2025-04-04 07:49:56.412083: Price Spike FTSECHINAA

To reduce email load, won't send any more emails with this subject today. Use 'interactive_diagnostics', 'Emails' to see stored messages
********************************************************************************

********************************************************************************
Email stored not sent on 2025-04-04 07:49:56.415126: Price Spike FTSECHINAA

Spike found in prices for FTSECHINAA/20250500: need to manually check by running interactive_manual_check_historical_prices
********************************************************************************

********************************************************************************
Email stored not sent on 2025-04-04 07:49:57.725041: Price Spike FTSECHINAA

Spike found in prices for FTSECHINAA/20250600: need to manually check by running interactive_manual_check_historical_prices
********************************************************************************

********************************************************************************
Email stored not sent on 2025-04-04 07:50:34.288286: Price Spike GASOIL

Spike found in prices for GASOIL/20250500: need to manually check by running interactive_manual_check_historical_prices
********************************************************************************

********************************************************************************
Email stored not sent on 2025-04-04 07:50:36.188829: Price Spike GASOIL

To reduce email load, won't send any more emails with this subject today. Use 'interactive_diagnostics', 'Emails' to see stored messages
********************************************************************************

********************************************************************************
Email stored not sent on 2025-04-04 07:50:36.190829: Price Spike GASOIL

Spike found in prices for GASOIL/20250600: need to manually check by running interactive_manual_check_historical_prices
********************************************************************************

********************************************************************************
Email stored not sent on 2025-04-04 07:50:37.377798: Price Spike GASOIL

Spike found in prices for GASOIL/20250700: need to manually check by running interactive_manual_check_historical_prices
********************************************************************************

********************************************************************************
Email stored not sent on 2025-04-04 07:50:48.484616: Price Spike GASOILINE_ICE

Spike found in prices for GASOILINE_ICE/20250500: need to manually check by running interactive_manual_check_historical_prices
********************************************************************************

********************************************************************************
Email stored not sent on 2025-04-04 07:50:53.686712: Price Spike GASOILINE_ICE

To reduce email load, won't send any more emails with this subject today. Use 'interactive_diagnostics', 'Emails' to see stored messages
********************************************************************************

********************************************************************************
Email stored not sent on 2025-04-04 07:50:53.688718: Price Spike GASOILINE_ICE

Spike found in prices for GASOILINE_ICE/20250600: need to manually check by running interactive_manual_check_historical_prices
********************************************************************************

********************************************************************************
Email stored not sent on 2025-04-04 07:55:32.719028: Price Spike JGB-mini

Spike found in prices for JGB-mini/20250600: need to manually check by running interactive_manual_check_historical_prices
********************************************************************************

********************************************************************************
Email stored not sent on 2025-04-04 07:55:38.025027: Price Spike JGB-SGX-mini

Spike found in prices for JGB-SGX-mini/20250600: need to manually check by running interactive_manual_check_historical_prices
********************************************************************************

********************************************************************************
Email stored not sent on 2025-04-04 07:55:43.732105: Price Spike JGB

Spike found in prices for JGB/20250600: need to manually check by running interactive_manual_check_historical_prices
********************************************************************************

********************************************************************************
Email stored not sent on 2025-04-04 07:58:23.401087: Price Spike MILK

Spike found in prices for MILK/20250700: need to manually check by running interactive_manual_check_historical_prices
********************************************************************************

********************************************************************************
Email stored not sent on 2025-04-04 07:58:33.114916: Price Spike MILKDRY

Spike found in prices for MILKDRY/20250700: need to manually check by running interactive_manual_check_historical_prices
********************************************************************************

********************************************************************************
Email stored not sent on 2025-04-04 07:59:12.864479: Price Spike MSCIEMASIA

Spike found in prices for MSCIEMASIA/20250600: need to manually check by running interactive_manual_check_historical_prices
********************************************************************************

********************************************************************************
Email stored not sent on 2025-04-04 07:59:17.997976: Price Spike MSCISING

Spike found in prices for MSCISING/20250400: need to manually check by running interactive_manual_check_historical_prices
********************************************************************************

********************************************************************************
Email stored not sent on 2025-04-04 08:03:21.647306: Price Spike SARONA

Spike found in prices for SARONA/20250300: need to manually check by running interactive_manual_check_historical_prices
********************************************************************************

********************************************************************************
Email stored not sent on 2025-04-04 08:03:23.869130: Price Spike SARONA

To reduce email load, won't send any more emails with this subject today. Use 'interactive_diagnostics', 'Emails' to see stored messages
********************************************************************************

********************************************************************************
Email stored not sent on 2025-04-04 08:03:23.871131: Price Spike SARONA

Spike found in prices for SARONA/20250600: need to manually check by running interactive_manual_check_historical_prices
********************************************************************************

********************************************************************************
Email stored not sent on 2025-04-04 08:03:25.265251: Price Spike SARONA

Spike found in prices for SARONA/20250900: need to manually check by running interactive_manual_check_historical_prices
********************************************************************************

********************************************************************************
Email stored not sent on 2025-04-04 08:03:27.189921: Price Spike SARONA

Spike found in prices for SARONA/20251200: need to manually check by running interactive_manual_check_historical_prices
********************************************************************************

********************************************************************************
Email stored not sent on 2025-04-04 08:03:28.990017: Price Spike SARONA

Spike found in prices for SARONA/20260300: need to manually check by running interactive_manual_check_historical_prices
********************************************************************************

********************************************************************************
Email stored not sent on 2025-04-04 08:08:13.558435: Price Spike SUGAR16

Spike found in prices for SUGAR16/20250500: need to manually check by running interactive_manual_check_historical_prices
********************************************************************************

********************************************************************************
Email stored not sent on 2025-04-04 08:08:18.659941: Price Spike SUGAR16

Spike found in prices for SUGAR16/20251100: need to manually check by running interactive_manual_check_historical_prices
********************************************************************************

********************************************************************************
Email stored not sent on 2025-04-04 08:12:39.570768: Price Spike V2X

Spike found in prices for V2X/20250400: need to manually check by running interactive_manual_check_historical_prices
********************************************************************************

********************************************************************************
Email stored not sent on 2025-04-04 08:12:42.321991: Price Spike V2X

To reduce email load, won't send any more emails with this subject today. Use 'interactive_diagnostics', 'Emails' to see stored messages
********************************************************************************

********************************************************************************
Email stored not sent on 2025-04-04 08:12:42.323990: Price Spike V2X

Spike found in prices for V2X/20250500: need to manually check by running interactive_manual_check_historical_prices
********************************************************************************

********************************************************************************
Email stored not sent on 2025-04-04 08:12:50.846018: Price Spike VIX

Spike found in prices for VIX/20250400: need to manually check by running interactive_manual_check_historical_prices
********************************************************************************

********************************************************************************
Email stored not sent on 2025-04-04 08:15:13.213590: Price Spike WHEY

Spike found in prices for WHEY/20250500: need to manually check by running interactive_manual_check_historical_prices
********************************************************************************

********************************************************************************
Email stored not sent on 2025-04-04 17:01:11.203119: Price Spike BRENT_W

Spike found in prices for BRENT_W/20250600: need to manually check by running interactive_manual_check_historical_prices
********************************************************************************

********************************************************************************
Email stored not sent on 2025-04-04 17:01:12.763264: Price Spike BRENT_W

Spike found in prices for BRENT_W/20250700: need to manually check by running interactive_manual_check_historical_prices
********************************************************************************

********************************************************************************
Email stored not sent on 2025-04-04 17:02:22.311877: Price Spike CAC

To reduce email load, won't send any more emails with this subject today. Use 'interactive_diagnostics', 'Emails' to see stored messages
********************************************************************************

********************************************************************************
Email stored not sent on 2025-04-04 17:02:22.314880: Price Spike CAC

Spike found in prices for CAC/20250600: need to manually check by running interactive_manual_check_historical_prices
********************************************************************************

********************************************************************************
Email stored not sent on 2025-04-04 17:03:40.032793: Price Spike CHEESE

To reduce email load, won't send any more emails with this subject today. Use 'interactive_diagnostics', 'Emails' to see stored messages
********************************************************************************

********************************************************************************
Email stored not sent on 2025-04-04 17:03:40.034788: Price Spike CHEESE

Spike found in prices for CHEESE/20250600: need to manually check by running interactive_manual_check_historical_prices
********************************************************************************

********************************************************************************
Email stored not sent on 2025-04-04 17:04:12.594884: Price Spike CHINAA-CON

To reduce email load, won't send any more emails with this subject today. Use 'interactive_diagnostics', 'Emails' to see stored messages
********************************************************************************

********************************************************************************
Email stored not sent on 2025-04-04 17:04:12.596852: Price Spike CHINAA-CON

Spike found in prices for CHINAA-CON/20250600: need to manually check by running interactive_manual_check_historical_prices
********************************************************************************

********************************************************************************
Email stored not sent on 2025-04-04 17:07:04.889225: Price Spike CRUDE_ICE

To reduce email load, won't send any more emails with this subject today. Use 'interactive_diagnostics', 'Emails' to see stored messages
********************************************************************************

********************************************************************************
Email stored not sent on 2025-04-04 17:07:04.892229: Price Spike CRUDE_ICE

Spike found in prices for CRUDE_ICE/20250500: need to manually check by running interactive_manual_check_historical_prices
********************************************************************************

********************************************************************************
Email stored not sent on 2025-04-04 17:18:05.798455: Price Spike FTSECHINAA

Spike found in prices for FTSECHINAA/20250400: need to manually check by running interactive_manual_check_historical_prices
********************************************************************************

********************************************************************************
Email stored not sent on 2025-04-04 17:18:07.671198: Price Spike FTSECHINAA

Spike found in prices for FTSECHINAA/20250500: need to manually check by running interactive_manual_check_historical_prices
********************************************************************************

********************************************************************************
Email stored not sent on 2025-04-04 17:18:09.562584: Price Spike FTSECHINAA

Spike found in prices for FTSECHINAA/20250600: need to manually check by running interactive_manual_check_historical_prices
********************************************************************************

********************************************************************************
Email stored not sent on 2025-04-04 17:18:38.086384: Price Spike GASOIL

Spike found in prices for GASOIL/20250500: need to manually check by running interactive_manual_check_historical_prices
********************************************************************************

********************************************************************************
Email stored not sent on 2025-04-04 17:18:39.639520: Price Spike GASOIL

Spike found in prices for GASOIL/20250600: need to manually check by running interactive_manual_check_historical_prices
********************************************************************************

********************************************************************************
Email stored not sent on 2025-04-04 17:18:41.150425: Price Spike GASOIL

Spike found in prices for GASOIL/20250700: need to manually check by running interactive_manual_check_historical_prices
********************************************************************************

********************************************************************************
Email stored not sent on 2025-04-04 17:18:50.372160: Price Spike GASOILINE_ICE

Spike found in prices for GASOILINE_ICE/20250500: need to manually check by running interactive_manual_check_historical_prices
********************************************************************************

********************************************************************************
Email stored not sent on 2025-04-04 17:18:51.895105: Price Spike GASOILINE_ICE

Spike found in prices for GASOILINE_ICE/20250600: need to manually check by running interactive_manual_check_historical_prices
********************************************************************************

********************************************************************************
Email stored not sent on 2025-04-04 17:22:22.037038: Price Spike JGB-mini

To reduce email load, won't send any more emails with this subject today. Use 'interactive_diagnostics', 'Emails' to see stored messages
********************************************************************************

********************************************************************************
Email stored not sent on 2025-04-04 17:22:22.039046: Price Spike JGB-mini

Spike found in prices for JGB-mini/20250600: need to manually check by running interactive_manual_check_historical_prices
********************************************************************************

********************************************************************************
Email stored not sent on 2025-04-04 17:22:27.607345: Price Spike JGB-SGX-mini

Spike found in prices for JGB-SGX-mini/20250600: need to manually check by running interactive_manual_check_historical_prices
********************************************************************************

********************************************************************************
Email stored not sent on 2025-04-04 17:22:33.323284: Price Spike JGB

Spike found in prices for JGB/20250600: need to manually check by running interactive_manual_check_historical_prices
********************************************************************************

********************************************************************************
Email stored not sent on 2025-04-04 17:25:11.425819: Price Spike MILK

To reduce email load, won't send any more emails with this subject today. Use 'interactive_diagnostics', 'Emails' to see stored messages
********************************************************************************

********************************************************************************
Email stored not sent on 2025-04-04 17:25:11.427794: Price Spike MILK

Spike found in prices for MILK/20250700: need to manually check by running interactive_manual_check_historical_prices
********************************************************************************

********************************************************************************
Email stored not sent on 2025-04-04 17:25:18.200981: Price Spike MILKDRY

To reduce email load, won't send any more emails with this subject today. Use 'interactive_diagnostics', 'Emails' to see stored messages
********************************************************************************

********************************************************************************
Email stored not sent on 2025-04-04 17:25:18.203984: Price Spike MILKDRY

Spike found in prices for MILKDRY/20250700: need to manually check by running interactive_manual_check_historical_prices
********************************************************************************

********************************************************************************
Email stored not sent on 2025-04-04 17:25:38.796112: Price Spike MSCIEMASIA

To reduce email load, won't send any more emails with this subject today. Use 'interactive_diagnostics', 'Emails' to see stored messages
********************************************************************************

********************************************************************************
Email stored not sent on 2025-04-04 17:25:38.798113: Price Spike MSCIEMASIA

Spike found in prices for MSCIEMASIA/20250600: need to manually check by running interactive_manual_check_historical_prices
********************************************************************************

********************************************************************************
Email stored not sent on 2025-04-04 17:25:43.887419: Price Spike MSCISING

To reduce email load, won't send any more emails with this subject today. Use 'interactive_diagnostics', 'Emails' to see stored messages
********************************************************************************

********************************************************************************
Email stored not sent on 2025-04-04 17:25:43.889427: Price Spike MSCISING

Spike found in prices for MSCISING/20250400: need to manually check by running interactive_manual_check_historical_prices
********************************************************************************

********************************************************************************
Email stored not sent on 2025-04-04 17:29:22.979094: Price Spike SARONA

Spike found in prices for SARONA/20250300: need to manually check by running interactive_manual_check_historical_prices
********************************************************************************

********************************************************************************
Email stored not sent on 2025-04-04 17:29:24.839073: Price Spike SARONA

Spike found in prices for SARONA/20250600: need to manually check by running interactive_manual_check_historical_prices
********************************************************************************

********************************************************************************
Email stored not sent on 2025-04-04 17:29:26.705008: Price Spike SARONA

Spike found in prices for SARONA/20250900: need to manually check by running interactive_manual_check_historical_prices
********************************************************************************

********************************************************************************
Email stored not sent on 2025-04-04 17:29:28.616080: Price Spike SARONA

Spike found in prices for SARONA/20251200: need to manually check by running interactive_manual_check_historical_prices
********************************************************************************

********************************************************************************
Email stored not sent on 2025-04-04 17:29:30.549550: Price Spike SARONA

Spike found in prices for SARONA/20260300: need to manually check by running interactive_manual_check_historical_prices
********************************************************************************

********************************************************************************
Email stored not sent on 2025-04-04 17:33:10.635756: Price Spike SUGAR16

Spike found in prices for SUGAR16/20250500: need to manually check by running interactive_manual_check_historical_prices
********************************************************************************

********************************************************************************
Email stored not sent on 2025-04-04 17:33:16.092758: Price Spike SUGAR16

Spike found in prices for SUGAR16/20251100: need to manually check by running interactive_manual_check_historical_prices
********************************************************************************

********************************************************************************
Email stored not sent on 2025-04-04 17:37:24.406990: Price Spike V2X

Spike found in prices for V2X/20250400: need to manually check by running interactive_manual_check_historical_prices
********************************************************************************

********************************************************************************
Email stored not sent on 2025-04-04 17:37:26.319968: Price Spike V2X

Spike found in prices for V2X/20250500: need to manually check by running interactive_manual_check_historical_prices
********************************************************************************

********************************************************************************
Email stored not sent on 2025-04-04 17:37:30.490988: Price Spike VIX

To reduce email load, won't send any more emails with this subject today. Use 'interactive_diagnostics', 'Emails' to see stored messages
********************************************************************************

********************************************************************************
Email stored not sent on 2025-04-04 17:37:30.493982: Price Spike VIX

Spike found in prices for VIX/20250400: need to manually check by running interactive_manual_check_historical_prices
********************************************************************************

********************************************************************************
Email stored not sent on 2025-04-04 17:39:25.625560: Price Spike WHEY

To reduce email load, won't send any more emails with this subject today. Use 'interactive_diagnostics', 'Emails' to see stored messages
********************************************************************************

********************************************************************************
Email stored not sent on 2025-04-04 17:39:25.628566: Price Spike WHEY

Spike found in prices for WHEY/20250500: need to manually check by running interactive_manual_check_historical_prices
********************************************************************************

********************************************************************************
Email stored not sent on 2025-04-07 07:31:39.867857: Price Spike BRENT_W

Spike found in prices for BRENT_W/20250600: need to manually check by running interactive_manual_check_historical_prices
********************************************************************************

********************************************************************************
Email stored not sent on 2025-04-07 07:31:41.773931: Price Spike BRENT_W

To reduce email load, won't send any more emails with this subject today. Use 'interactive_diagnostics', 'Emails' to see stored messages
********************************************************************************

********************************************************************************
Email stored not sent on 2025-04-07 07:31:41.775950: Price Spike BRENT_W

Spike found in prices for BRENT_W/20250700: need to manually check by running interactive_manual_check_historical_prices
********************************************************************************

********************************************************************************
Email stored not sent on 2025-04-07 07:32:53.571602: Price Spike CAC

Spike found in prices for CAC/20250600: need to manually check by running interactive_manual_check_historical_prices
********************************************************************************

********************************************************************************
Email stored not sent on 2025-04-07 07:33:34.075883: Price Spike CHEESE

Spike found in prices for CHEESE/20250600: need to manually check by running interactive_manual_check_historical_prices
********************************************************************************

********************************************************************************
Email stored not sent on 2025-04-07 07:34:25.719623: Price Spike CHINAA-CON

Spike found in prices for CHINAA-CON/20250600: need to manually check by running interactive_manual_check_historical_prices
********************************************************************************

********************************************************************************
Email stored not sent on 2025-04-07 07:36:20.409115: Price Spike COPPER_LME

Spike found in prices for COPPER_LME/20250500: need to manually check by running interactive_manual_check_historical_prices
********************************************************************************

********************************************************************************
Email stored not sent on 2025-04-07 07:37:42.278977: Price Spike CRUDE_ICE

Spike found in prices for CRUDE_ICE/20250500: need to manually check by running interactive_manual_check_historical_prices
********************************************************************************

********************************************************************************
Email stored not sent on 2025-04-07 07:43:45.532474: Price Spike EU-INSURE

Spike found in prices for EU-INSURE/20250600: need to manually check by running interactive_manual_check_historical_prices
********************************************************************************

********************************************************************************
Email stored not sent on 2025-04-07 07:46:16.068381: Price Spike EURAUD

Spike found in prices for EURAUD/20250600: need to manually check by running interactive_manual_check_historical_prices
********************************************************************************

********************************************************************************
Email stored not sent on 2025-04-07 07:46:28.088486: Price Spike EURAUD

To reduce email load, won't send any more emails with this subject today. Use 'interactive_diagnostics', 'Emails' to see stored messages
********************************************************************************

********************************************************************************
Email stored not sent on 2025-04-07 07:46:28.090490: Price Spike EURAUD

Spike found in prices for EURAUD/20250900: need to manually check by running interactive_manual_check_historical_prices
********************************************************************************

********************************************************************************
Email stored not sent on 2025-04-07 07:49:43.756274: Price Spike FTSECHINAA

Spike found in prices for FTSECHINAA/20250400: need to manually check by running interactive_manual_check_historical_prices
********************************************************************************

********************************************************************************
Email stored not sent on 2025-04-07 07:49:45.910212: Price Spike FTSECHINAA

To reduce email load, won't send any more emails with this subject today. Use 'interactive_diagnostics', 'Emails' to see stored messages
********************************************************************************

********************************************************************************
Email stored not sent on 2025-04-07 07:49:45.912194: Price Spike FTSECHINAA

Spike found in prices for FTSECHINAA/20250500: need to manually check by running interactive_manual_check_historical_prices
********************************************************************************

********************************************************************************
Email stored not sent on 2025-04-07 07:49:47.365455: Price Spike FTSECHINAA

Spike found in prices for FTSECHINAA/20250600: need to manually check by running interactive_manual_check_historical_prices
********************************************************************************

********************************************************************************
Email stored not sent on 2025-04-07 07:50:23.926238: Price Spike GASOIL

Spike found in prices for GASOIL/20250500: need to manually check by running interactive_manual_check_historical_prices
********************************************************************************

********************************************************************************
Email stored not sent on 2025-04-07 07:50:25.774932: Price Spike GASOIL

To reduce email load, won't send any more emails with this subject today. Use 'interactive_diagnostics', 'Emails' to see stored messages
********************************************************************************

********************************************************************************
Email stored not sent on 2025-04-07 07:50:25.776958: Price Spike GASOIL

Spike found in prices for GASOIL/20250600: need to manually check by running interactive_manual_check_historical_prices
********************************************************************************

********************************************************************************
Email stored not sent on 2025-04-07 07:50:26.966957: Price Spike GASOIL

Spike found in prices for GASOIL/20250700: need to manually check by running interactive_manual_check_historical_prices
********************************************************************************

********************************************************************************
Email stored not sent on 2025-04-07 07:50:38.049142: Price Spike GASOILINE_ICE

Spike found in prices for GASOILINE_ICE/20250500: need to manually check by running interactive_manual_check_historical_prices
********************************************************************************

********************************************************************************
Email stored not sent on 2025-04-07 07:55:22.340917: Price Spike JGB-mini

Spike found in prices for JGB-mini/20250600: need to manually check by running interactive_manual_check_historical_prices
********************************************************************************

********************************************************************************
Email stored not sent on 2025-04-07 07:55:28.338308: Price Spike JGB-SGX-mini

Spike found in prices for JGB-SGX-mini/20250600: need to manually check by running interactive_manual_check_historical_prices
********************************************************************************

********************************************************************************
Email stored not sent on 2025-04-07 07:55:34.600347: Price Spike JGB

Spike found in prices for JGB/20250600: need to manually check by running interactive_manual_check_historical_prices
********************************************************************************

********************************************************************************
Email stored not sent on 2025-04-07 07:58:12.669938: Price Spike MILK

Spike found in prices for MILK/20250700: need to manually check by running interactive_manual_check_historical_prices
********************************************************************************

********************************************************************************
Email stored not sent on 2025-04-07 07:58:22.367627: Price Spike MILKDRY

Spike found in prices for MILKDRY/20250700: need to manually check by running interactive_manual_check_historical_prices
********************************************************************************

********************************************************************************
Email stored not sent on 2025-04-07 07:59:02.182213: Price Spike MSCIEMASIA

Spike found in prices for MSCIEMASIA/20250600: need to manually check by running interactive_manual_check_historical_prices
********************************************************************************

********************************************************************************
Email stored not sent on 2025-04-07 07:59:07.440813: Price Spike MSCISING

Spike found in prices for MSCISING/20250400: need to manually check by running interactive_manual_check_historical_prices
********************************************************************************

********************************************************************************
Email stored not sent on 2025-04-07 07:59:11.243161: Price Spike MSCITAIWAN

Spike found in prices for MSCITAIWAN/20250400: need to manually check by running interactive_manual_check_historical_prices
********************************************************************************

********************************************************************************
Email stored not sent on 2025-04-07 07:59:22.623158: Price Spike MUMMY

Spike found in prices for MUMMY/20251200: need to manually check by running interactive_manual_check_historical_prices
********************************************************************************

********************************************************************************
Email stored not sent on 2025-04-07 08:02:40.929350: Price Spike RUBBER

Spike found in prices for RUBBER/20250500: need to manually check by running interactive_manual_check_historical_prices
********************************************************************************

********************************************************************************
Email stored not sent on 2025-04-07 08:02:43.154003: Price Spike RUBBER

To reduce email load, won't send any more emails with this subject today. Use 'interactive_diagnostics', 'Emails' to see stored messages
********************************************************************************

********************************************************************************
Email stored not sent on 2025-04-07 08:02:43.157004: Price Spike RUBBER

Spike found in prices for RUBBER/20250600: need to manually check by running interactive_manual_check_historical_prices
********************************************************************************

********************************************************************************
Email stored not sent on 2025-04-07 08:02:44.892466: Price Spike RUBBER

Spike found in prices for RUBBER/20250700: need to manually check by running interactive_manual_check_historical_prices
********************************************************************************

********************************************************************************
Email stored not sent on 2025-04-07 08:03:10.877569: Price Spike SARONA

Spike found in prices for SARONA/20250300: need to manually check by running interactive_manual_check_historical_prices
********************************************************************************

********************************************************************************
Email stored not sent on 2025-04-07 08:03:13.164404: Price Spike SARONA

To reduce email load, won't send any more emails with this subject today. Use 'interactive_diagnostics', 'Emails' to see stored messages
********************************************************************************

********************************************************************************
Email stored not sent on 2025-04-07 08:03:13.166376: Price Spike SARONA

Spike found in prices for SARONA/20250600: need to manually check by running interactive_manual_check_historical_prices
********************************************************************************

********************************************************************************
Email stored not sent on 2025-04-07 08:03:14.649545: Price Spike SARONA

Spike found in prices for SARONA/20250900: need to manually check by running interactive_manual_check_historical_prices
********************************************************************************

********************************************************************************
Email stored not sent on 2025-04-07 08:03:16.566419: Price Spike SARONA

Spike found in prices for SARONA/20251200: need to manually check by running interactive_manual_check_historical_prices
********************************************************************************

********************************************************************************
Email stored not sent on 2025-04-07 08:03:18.414870: Price Spike SARONA

Spike found in prices for SARONA/20260300: need to manually check by running interactive_manual_check_historical_prices
********************************************************************************

********************************************************************************
Email stored not sent on 2025-04-07 08:08:03.939717: Price Spike SUGAR16

Spike found in prices for SUGAR16/20250500: need to manually check by running interactive_manual_check_historical_prices
********************************************************************************

********************************************************************************
Email stored not sent on 2025-04-07 08:08:09.725192: Price Spike SUGAR16

To reduce email load, won't send any more emails with this subject today. Use 'interactive_diagnostics', 'Emails' to see stored messages
********************************************************************************

********************************************************************************
Email stored not sent on 2025-04-07 08:08:09.727198: Price Spike SUGAR16

Spike found in prices for SUGAR16/20251100: need to manually check by running interactive_manual_check_historical_prices
********************************************************************************

********************************************************************************
Email stored not sent on 2025-04-07 08:12:29.127472: Price Spike V2X

Spike found in prices for V2X/20250400: need to manually check by running interactive_manual_check_historical_prices
********************************************************************************

********************************************************************************
Email stored not sent on 2025-04-07 08:12:30.656470: Price Spike V2X

To reduce email load, won't send any more emails with this subject today. Use 'interactive_diagnostics', 'Emails' to see stored messages
********************************************************************************

********************************************************************************
Email stored not sent on 2025-04-07 08:12:30.658472: Price Spike V2X

Spike found in prices for V2X/20250400: need to manually check by running interactive_manual_check_historical_prices
********************************************************************************

********************************************************************************
Email stored not sent on 2025-04-07 08:12:32.144841: Price Spike V2X

Spike found in prices for V2X/20250500: need to manually check by running interactive_manual_check_historical_prices
********************************************************************************

********************************************************************************
Email stored not sent on 2025-04-07 08:12:40.480579: Price Spike VIX

Spike found in prices for VIX/20250400: need to manually check by running interactive_manual_check_historical_prices
********************************************************************************

********************************************************************************
Email stored not sent on 2025-04-07 08:15:02.470008: Price Spike WHEY

Spike found in prices for WHEY/20250500: need to manually check by running interactive_manual_check_historical_prices
********************************************************************************

********************************************************************************
Email stored not sent on 2025-04-07 17:02:21.002008: Price Spike CAC

To reduce email load, won't send any more emails with this subject today. Use 'interactive_diagnostics', 'Emails' to see stored messages
********************************************************************************

********************************************************************************
Email stored not sent on 2025-04-07 17:02:21.005006: Price Spike CAC

Spike found in prices for CAC/20250600: need to manually check by running interactive_manual_check_historical_prices
********************************************************************************

********************************************************************************
Email stored not sent on 2025-04-07 17:03:39.116196: Price Spike CHEESE

To reduce email load, won't send any more emails with this subject today. Use 'interactive_diagnostics', 'Emails' to see stored messages
********************************************************************************

********************************************************************************
Email stored not sent on 2025-04-07 17:03:39.118196: Price Spike CHEESE

Spike found in prices for CHEESE/20250600: need to manually check by running interactive_manual_check_historical_prices
********************************************************************************

********************************************************************************
Email stored not sent on 2025-04-07 17:04:11.084337: Price Spike CHINAA-CON

To reduce email load, won't send any more emails with this subject today. Use 'interactive_diagnostics', 'Emails' to see stored messages
********************************************************************************

********************************************************************************
Email stored not sent on 2025-04-07 17:04:11.086337: Price Spike CHINAA-CON

Spike found in prices for CHINAA-CON/20250600: need to manually check by running interactive_manual_check_historical_prices
********************************************************************************

********************************************************************************
Email stored not sent on 2025-04-07 17:06:03.489993: Price Spike COPPER_LME

To reduce email load, won't send any more emails with this subject today. Use 'interactive_diagnostics', 'Emails' to see stored messages
********************************************************************************

********************************************************************************
Email stored not sent on 2025-04-07 17:06:03.491995: Price Spike COPPER_LME

Spike found in prices for COPPER_LME/20250500: need to manually check by running interactive_manual_check_historical_prices
********************************************************************************

********************************************************************************
Email stored not sent on 2025-04-07 17:12:08.350829: Price Spike EU-INSURE

To reduce email load, won't send any more emails with this subject today. Use 'interactive_diagnostics', 'Emails' to see stored messages
********************************************************************************

********************************************************************************
Email stored not sent on 2025-04-07 17:12:08.353827: Price Spike EU-INSURE

Spike found in prices for EU-INSURE/20250600: need to manually check by running interactive_manual_check_historical_prices
********************************************************************************

********************************************************************************
Email stored not sent on 2025-04-07 17:14:26.388190: Price Spike EURAUD

Spike found in prices for EURAUD/20250600: need to manually check by running interactive_manual_check_historical_prices
********************************************************************************

********************************************************************************
Email stored not sent on 2025-04-07 17:14:32.400811: Price Spike EURAUD

Spike found in prices for EURAUD/20250900: need to manually check by running interactive_manual_check_historical_prices
********************************************************************************

********************************************************************************
Email stored not sent on 2025-04-07 17:17:53.780022: Price Spike FTSECHINAA

Spike found in prices for FTSECHINAA/20250400: need to manually check by running interactive_manual_check_historical_prices
********************************************************************************

********************************************************************************
Email stored not sent on 2025-04-07 17:17:55.588434: Price Spike FTSECHINAA

Spike found in prices for FTSECHINAA/20250500: need to manually check by running interactive_manual_check_historical_prices
********************************************************************************

********************************************************************************
Email stored not sent on 2025-04-07 17:17:57.353919: Price Spike FTSECHINAA

Spike found in prices for FTSECHINAA/20250600: need to manually check by running interactive_manual_check_historical_prices
********************************************************************************

********************************************************************************
Email stored not sent on 2025-04-07 17:18:39.338262: Price Spike GASOILINE_ICE

To reduce email load, won't send any more emails with this subject today. Use 'interactive_diagnostics', 'Emails' to see stored messages
********************************************************************************

********************************************************************************
Email stored not sent on 2025-04-07 17:18:39.341264: Price Spike GASOILINE_ICE

Spike found in prices for GASOILINE_ICE/20250500: need to manually check by running interactive_manual_check_historical_prices
********************************************************************************

********************************************************************************
Email stored not sent on 2025-04-07 17:22:05.306829: Price Spike JGB-mini

To reduce email load, won't send any more emails with this subject today. Use 'interactive_diagnostics', 'Emails' to see stored messages
********************************************************************************

********************************************************************************
Email stored not sent on 2025-04-07 17:22:05.309830: Price Spike JGB-mini

Spike found in prices for JGB-mini/20250600: need to manually check by running interactive_manual_check_historical_prices
********************************************************************************

********************************************************************************
Email stored not sent on 2025-04-07 17:22:17.194456: Price Spike JGB

To reduce email load, won't send any more emails with this subject today. Use 'interactive_diagnostics', 'Emails' to see stored messages
********************************************************************************

********************************************************************************
Email stored not sent on 2025-04-07 17:22:17.197442: Price Spike JGB

Spike found in prices for JGB/20250600: need to manually check by running interactive_manual_check_historical_prices
********************************************************************************

********************************************************************************
Email stored not sent on 2025-04-07 17:24:54.533863: Price Spike MILK

To reduce email load, won't send any more emails with this subject today. Use 'interactive_diagnostics', 'Emails' to see stored messages
********************************************************************************

********************************************************************************
Email stored not sent on 2025-04-07 17:24:54.536870: Price Spike MILK

Spike found in prices for MILK/20250700: need to manually check by running interactive_manual_check_historical_prices
********************************************************************************

********************************************************************************
Email stored not sent on 2025-04-07 17:25:01.073097: Price Spike MILKDRY

To reduce email load, won't send any more emails with this subject today. Use 'interactive_diagnostics', 'Emails' to see stored messages
********************************************************************************

********************************************************************************
Email stored not sent on 2025-04-07 17:25:01.075099: Price Spike MILKDRY

Spike found in prices for MILKDRY/20250700: need to manually check by running interactive_manual_check_historical_prices
********************************************************************************

********************************************************************************
Email stored not sent on 2025-04-07 17:25:21.212422: Price Spike MSCIEMASIA

To reduce email load, won't send any more emails with this subject today. Use 'interactive_diagnostics', 'Emails' to see stored messages
********************************************************************************

********************************************************************************
Email stored not sent on 2025-04-07 17:25:21.215419: Price Spike MSCIEMASIA

Spike found in prices for MSCIEMASIA/20250600: need to manually check by running interactive_manual_check_historical_prices
********************************************************************************

********************************************************************************
Email stored not sent on 2025-04-07 17:25:26.294619: Price Spike MSCISING

To reduce email load, won't send any more emails with this subject today. Use 'interactive_diagnostics', 'Emails' to see stored messages
********************************************************************************

********************************************************************************
Email stored not sent on 2025-04-07 17:25:26.297631: Price Spike MSCISING

Spike found in prices for MSCISING/20250400: need to manually check by running interactive_manual_check_historical_prices
********************************************************************************

********************************************************************************
Email stored not sent on 2025-04-07 17:25:30.271616: Price Spike MSCITAIWAN

To reduce email load, won't send any more emails with this subject today. Use 'interactive_diagnostics', 'Emails' to see stored messages
********************************************************************************

********************************************************************************
Email stored not sent on 2025-04-07 17:25:30.274619: Price Spike MSCITAIWAN

Spike found in prices for MSCITAIWAN/20250400: need to manually check by running interactive_manual_check_historical_prices
********************************************************************************

********************************************************************************
Email stored not sent on 2025-04-07 17:25:41.735486: Price Spike MUMMY

To reduce email load, won't send any more emails with this subject today. Use 'interactive_diagnostics', 'Emails' to see stored messages
********************************************************************************

********************************************************************************
Email stored not sent on 2025-04-07 17:25:41.738484: Price Spike MUMMY

Spike found in prices for MUMMY/20251200: need to manually check by running interactive_manual_check_historical_prices
********************************************************************************

********************************************************************************
Email stored not sent on 2025-04-07 17:28:35.969572: Price Spike RUBBER

Spike found in prices for RUBBER/20250500: need to manually check by running interactive_manual_check_historical_prices
********************************************************************************

********************************************************************************
Email stored not sent on 2025-04-07 17:28:37.812663: Price Spike RUBBER

Spike found in prices for RUBBER/20250600: need to manually check by running interactive_manual_check_historical_prices
********************************************************************************

********************************************************************************
Email stored not sent on 2025-04-07 17:28:39.641666: Price Spike RUBBER

Spike found in prices for RUBBER/20250700: need to manually check by running interactive_manual_check_historical_prices
********************************************************************************

********************************************************************************
Email stored not sent on 2025-04-07 17:29:06.123249: Price Spike SARONA

Spike found in prices for SARONA/20250300: need to manually check by running interactive_manual_check_historical_prices
********************************************************************************

********************************************************************************
Email stored not sent on 2025-04-07 17:29:08.047671: Price Spike SARONA

Spike found in prices for SARONA/20250600: need to manually check by running interactive_manual_check_historical_prices
********************************************************************************

********************************************************************************
Email stored not sent on 2025-04-07 17:29:10.067433: Price Spike SARONA

Spike found in prices for SARONA/20250900: need to manually check by running interactive_manual_check_historical_prices
********************************************************************************

********************************************************************************
Email stored not sent on 2025-04-07 17:29:12.017621: Price Spike SARONA

Spike found in prices for SARONA/20251200: need to manually check by running interactive_manual_check_historical_prices
********************************************************************************

********************************************************************************
Email stored not sent on 2025-04-07 17:29:13.872451: Price Spike SARONA

Spike found in prices for SARONA/20260300: need to manually check by running interactive_manual_check_historical_prices
********************************************************************************

********************************************************************************
Email stored not sent on 2025-04-07 17:32:41.432211: Price Spike SUGAR16

Spike found in prices for SUGAR16/20250500: need to manually check by running interactive_manual_check_historical_prices
********************************************************************************

********************************************************************************
Email stored not sent on 2025-04-07 17:32:57.260192: Price Spike SUGAR16

Spike found in prices for SUGAR16/20251100: need to manually check by running interactive_manual_check_historical_prices
********************************************************************************

********************************************************************************
Email stored not sent on 2025-04-07 17:37:06.383177: Price Spike V2X

Spike found in prices for V2X/20250400: need to manually check by running interactive_manual_check_historical_prices
********************************************************************************

********************************************************************************
Email stored not sent on 2025-04-07 17:37:07.239986: Price Spike V2X

Spike found in prices for V2X/20250400: need to manually check by running interactive_manual_check_historical_prices
********************************************************************************

********************************************************************************
Email stored not sent on 2025-04-07 17:37:09.094320: Price Spike V2X

Spike found in prices for V2X/20250500: need to manually check by running interactive_manual_check_historical_prices
********************************************************************************

********************************************************************************
Email stored not sent on 2025-04-07 17:37:11.006384: Price Spike VIX

To reduce email load, won't send any more emails with this subject today. Use 'interactive_diagnostics', 'Emails' to see stored messages
********************************************************************************

********************************************************************************
Email stored not sent on 2025-04-07 17:37:11.009417: Price Spike VIX

Spike found in prices for VIX/20250400: need to manually check by running interactive_manual_check_historical_prices
********************************************************************************

********************************************************************************
Email stored not sent on 2025-04-07 17:37:11.959895: Price Spike VIX

Spike found in prices for VIX/20250400: need to manually check by running interactive_manual_check_historical_prices
********************************************************************************

********************************************************************************
Email stored not sent on 2025-04-07 17:37:12.813510: Price Spike VIX

Spike found in prices for VIX/20250500: need to manually check by running interactive_manual_check_historical_prices
********************************************************************************

********************************************************************************
Email stored not sent on 2025-04-07 17:37:14.689383: Price Spike VIX

Spike found in prices for VIX/20250600: need to manually check by running interactive_manual_check_historical_prices
********************************************************************************

********************************************************************************
Email stored not sent on 2025-04-07 17:37:17.448482: Price Spike VIX

Spike found in prices for VIX/20250700: need to manually check by running interactive_manual_check_historical_prices
********************************************************************************

********************************************************************************
Email stored not sent on 2025-04-07 17:37:23.489798: Price Spike VIX

Spike found in prices for VIX/20250800: need to manually check by running interactive_manual_check_historical_prices
********************************************************************************

********************************************************************************
Email stored not sent on 2025-04-07 17:37:36.135288: Price Spike VIX_mini

Spike found in prices for VIX_mini/20250400: need to manually check by running interactive_manual_check_historical_prices
********************************************************************************

********************************************************************************
Email stored not sent on 2025-04-07 17:37:54.104345: Price Spike VIX_mini

To reduce email load, won't send any more emails with this subject today. Use 'interactive_diagnostics', 'Emails' to see stored messages
********************************************************************************

********************************************************************************
Email stored not sent on 2025-04-07 17:37:54.106347: Price Spike VIX_mini

Spike found in prices for VIX_mini/20250500: need to manually check by running interactive_manual_check_historical_prices
********************************************************************************

********************************************************************************
Email stored not sent on 2025-04-07 17:37:56.909409: Price Spike VIX_mini

Spike found in prices for VIX_mini/20250700: need to manually check by running interactive_manual_check_historical_prices
********************************************************************************

********************************************************************************
Email stored not sent on 2025-04-07 17:39:07.558243: Price Spike WHEY

To reduce email load, won't send any more emails with this subject today. Use 'interactive_diagnostics', 'Emails' to see stored messages
********************************************************************************

********************************************************************************
Email stored not sent on 2025-04-07 17:39:07.561254: Price Spike WHEY

Spike found in prices for WHEY/20250500: need to manually check by running interactive_manual_check_historical_prices
********************************************************************************

********************************************************************************
Email stored not sent on 2025-04-08 07:32:50.305640: Price Spike CAC

Spike found in prices for CAC/20250600: need to manually check by running interactive_manual_check_historical_prices
********************************************************************************

********************************************************************************
Email stored not sent on 2025-04-08 07:33:29.310258: Price Spike CHEESE

Spike found in prices for CHEESE/20250600: need to manually check by running interactive_manual_check_historical_prices
********************************************************************************

********************************************************************************
Email stored not sent on 2025-04-08 07:34:21.238666: Price Spike CHINAA-CON

Spike found in prices for CHINAA-CON/20250600: need to manually check by running interactive_manual_check_historical_prices
********************************************************************************

********************************************************************************
Email stored not sent on 2025-04-08 07:36:15.576763: Price Spike COPPER_LME

Spike found in prices for COPPER_LME/20250500: need to manually check by running interactive_manual_check_historical_prices
********************************************************************************

********************************************************************************
Email stored not sent on 2025-04-08 07:43:40.897471: Price Spike EU-INSURE

Spike found in prices for EU-INSURE/20250600: need to manually check by running interactive_manual_check_historical_prices
********************************************************************************

********************************************************************************
Email stored not sent on 2025-04-08 07:46:11.457678: Price Spike EURAUD

Spike found in prices for EURAUD/20250600: need to manually check by running interactive_manual_check_historical_prices
********************************************************************************

********************************************************************************
Email stored not sent on 2025-04-08 07:46:23.413573: Price Spike EURAUD

Spike found in prices for EURAUD/20250900: need to manually check by running interactive_manual_check_historical_prices
********************************************************************************

********************************************************************************
Email stored not sent on 2025-04-08 07:49:39.462211: Price Spike FTSECHINAA

Spike found in prices for FTSECHINAA/20250400: need to manually check by running interactive_manual_check_historical_prices
********************************************************************************

********************************************************************************
Email stored not sent on 2025-04-08 07:49:41.324310: Price Spike FTSECHINAA

Spike found in prices for FTSECHINAA/20250500: need to manually check by running interactive_manual_check_historical_prices
********************************************************************************

********************************************************************************
Email stored not sent on 2025-04-08 07:49:43.147954: Price Spike FTSECHINAA

Spike found in prices for FTSECHINAA/20250600: need to manually check by running interactive_manual_check_historical_prices
********************************************************************************

********************************************************************************
Email stored not sent on 2025-04-08 07:50:33.581787: Price Spike GASOILINE_ICE

Spike found in prices for GASOILINE_ICE/20250500: need to manually check by running interactive_manual_check_historical_prices
********************************************************************************

********************************************************************************
Email stored not sent on 2025-04-08 07:55:17.591490: Price Spike JGB-mini

Spike found in prices for JGB-mini/20250600: need to manually check by running interactive_manual_check_historical_prices
********************************************************************************

********************************************************************************
Email stored not sent on 2025-04-08 07:55:28.964463: Price Spike JGB

Spike found in prices for JGB/20250600: need to manually check by running interactive_manual_check_historical_prices
********************************************************************************

********************************************************************************
Email stored not sent on 2025-04-08 07:58:14.680573: Price Spike MILK

Spike found in prices for MILK/20250700: need to manually check by running interactive_manual_check_historical_prices
********************************************************************************

********************************************************************************
Email stored not sent on 2025-04-08 07:58:21.504974: Price Spike MILKDRY

Spike found in prices for MILKDRY/20250700: need to manually check by running interactive_manual_check_historical_prices
********************************************************************************

********************************************************************************
Email stored not sent on 2025-04-08 07:59:01.750391: Price Spike MSCIEMASIA

Spike found in prices for MSCIEMASIA/20250600: need to manually check by running interactive_manual_check_historical_prices
********************************************************************************

********************************************************************************
Email stored not sent on 2025-04-08 07:59:06.632624: Price Spike MSCISING

Spike found in prices for MSCISING/20250400: need to manually check by running interactive_manual_check_historical_prices
********************************************************************************

********************************************************************************
Email stored not sent on 2025-04-08 07:59:10.413622: Price Spike MSCITAIWAN

Spike found in prices for MSCITAIWAN/20250400: need to manually check by running interactive_manual_check_historical_prices
********************************************************************************

********************************************************************************
Email stored not sent on 2025-04-08 07:59:21.587851: Price Spike MUMMY

Spike found in prices for MUMMY/20251200: need to manually check by running interactive_manual_check_historical_prices
********************************************************************************

********************************************************************************
Email stored not sent on 2025-04-08 08:02:39.936059: Price Spike RUBBER

Spike found in prices for RUBBER/20250500: need to manually check by running interactive_manual_check_historical_prices
********************************************************************************

********************************************************************************
Email stored not sent on 2025-04-08 08:02:41.660058: Price Spike RUBBER

Spike found in prices for RUBBER/20250600: need to manually check by running interactive_manual_check_historical_prices
********************************************************************************

********************************************************************************
Email stored not sent on 2025-04-08 08:02:44.311098: Price Spike RUBBER

Spike found in prices for RUBBER/20250700: need to manually check by running interactive_manual_check_historical_prices
********************************************************************************

********************************************************************************
Email stored not sent on 2025-04-08 08:03:09.921370: Price Spike SARONA

Spike found in prices for SARONA/20250300: need to manually check by running interactive_manual_check_historical_prices
********************************************************************************

********************************************************************************
Email stored not sent on 2025-04-08 08:03:11.972417: Price Spike SARONA

Spike found in prices for SARONA/20250600: need to manually check by running interactive_manual_check_historical_prices
********************************************************************************

********************************************************************************
Email stored not sent on 2025-04-08 08:03:14.564422: Price Spike SARONA

Spike found in prices for SARONA/20250900: need to manually check by running interactive_manual_check_historical_prices
********************************************************************************

********************************************************************************
Email stored not sent on 2025-04-08 08:03:16.716692: Price Spike SARONA

To reduce email load, won't send any more emails with this subject today. Use 'interactive_diagnostics', 'Emails' to see stored messages
********************************************************************************

********************************************************************************
Email stored not sent on 2025-04-08 08:03:16.718661: Price Spike SARONA

Spike found in prices for SARONA/20251200: need to manually check by running interactive_manual_check_historical_prices
********************************************************************************

********************************************************************************
Email stored not sent on 2025-04-08 08:03:18.226562: Price Spike SARONA

Spike found in prices for SARONA/20260300: need to manually check by running interactive_manual_check_historical_prices
********************************************************************************

********************************************************************************
Email stored not sent on 2025-04-08 08:08:03.323559: Price Spike SUGAR16

Spike found in prices for SUGAR16/20250500: need to manually check by running interactive_manual_check_historical_prices
********************************************************************************

********************************************************************************
Email stored not sent on 2025-04-08 08:08:09.145157: Price Spike SUGAR16

Spike found in prices for SUGAR16/20251100: need to manually check by running interactive_manual_check_historical_prices
********************************************************************************

********************************************************************************
Email stored not sent on 2025-04-08 08:12:28.143010: Price Spike V2X

Spike found in prices for V2X/20250400: need to manually check by running interactive_manual_check_historical_prices
********************************************************************************

********************************************************************************
Email stored not sent on 2025-04-08 08:12:28.973252: Price Spike V2X

Spike found in prices for V2X/20250400: need to manually check by running interactive_manual_check_historical_prices
********************************************************************************

********************************************************************************
Email stored not sent on 2025-04-08 08:12:31.842279: Price Spike V2X

Spike found in prices for V2X/20250500: need to manually check by running interactive_manual_check_historical_prices
********************************************************************************

********************************************************************************
Email stored not sent on 2025-04-08 08:12:33.267307: Price Spike VIX

Spike found in prices for VIX/20250400: need to manually check by running interactive_manual_check_historical_prices
********************************************************************************

********************************************************************************
Email stored not sent on 2025-04-08 08:12:39.676558: Price Spike VIX

Spike found in prices for VIX/20250400: need to manually check by running interactive_manual_check_historical_prices
********************************************************************************

********************************************************************************
Email stored not sent on 2025-04-08 08:12:45.095888: Price Spike VIX

Spike found in prices for VIX/20250500: need to manually check by running interactive_manual_check_historical_prices
********************************************************************************

********************************************************************************
Email stored not sent on 2025-04-08 08:12:58.205477: Price Spike VIX

Spike found in prices for VIX/20250600: need to manually check by running interactive_manual_check_historical_prices
********************************************************************************

********************************************************************************
Email stored not sent on 2025-04-08 08:13:00.038284: Price Spike VIX

Spike found in prices for VIX/20250700: need to manually check by running interactive_manual_check_historical_prices
********************************************************************************

********************************************************************************
Email stored not sent on 2025-04-08 08:13:01.628711: Price Spike VIX

Spike found in prices for VIX/20250800: need to manually check by running interactive_manual_check_historical_prices
********************************************************************************

********************************************************************************
Email stored not sent on 2025-04-08 08:13:03.339701: Price Spike VIX_mini

Spike found in prices for VIX_mini/20250400: need to manually check by running interactive_manual_check_historical_prices
********************************************************************************

********************************************************************************
Email stored not sent on 2025-04-08 08:13:04.869832: Price Spike VIX_mini

Spike found in prices for VIX_mini/20250500: need to manually check by running interactive_manual_check_historical_prices
********************************************************************************

********************************************************************************
Email stored not sent on 2025-04-08 08:13:10.087429: Price Spike VIX_mini

Spike found in prices for VIX_mini/20250700: need to manually check by running interactive_manual_check_historical_prices
********************************************************************************

********************************************************************************
Email stored not sent on 2025-04-08 08:15:01.766975: Price Spike WHEY

Spike found in prices for WHEY/20250500: need to manually check by running interactive_manual_check_historical_prices
********************************************************************************

********************************************************************************
Email stored not sent on 2025-04-08 17:02:20.274639: Price Spike CAC

Spike found in prices for CAC/20250600: need to manually check by running interactive_manual_check_historical_prices
********************************************************************************

********************************************************************************
Email stored not sent on 2025-04-08 17:03:37.384202: Price Spike CHEESE

Spike found in prices for CHEESE/20250600: need to manually check by running interactive_manual_check_historical_prices
********************************************************************************

********************************************************************************
Email stored not sent on 2025-04-08 17:04:09.749238: Price Spike CHINAA-CON

Spike found in prices for CHINAA-CON/20250600: need to manually check by running interactive_manual_check_historical_prices
********************************************************************************

********************************************************************************
Email stored not sent on 2025-04-08 17:05:48.887391: Price Spike COPPER_LME

Spike found in prices for COPPER_LME/20250500: need to manually check by running interactive_manual_check_historical_prices
********************************************************************************

********************************************************************************
Email stored not sent on 2025-04-08 17:11:53.824796: Price Spike EU-INSURE

Spike found in prices for EU-INSURE/20250600: need to manually check by running interactive_manual_check_historical_prices
********************************************************************************

********************************************************************************
Email stored not sent on 2025-04-08 17:14:13.403810: Price Spike EURAUD

Spike found in prices for EURAUD/20250600: need to manually check by running interactive_manual_check_historical_prices
********************************************************************************

********************************************************************************
Email stored not sent on 2025-04-08 17:14:19.245860: Price Spike EURAUD

To reduce email load, won't send any more emails with this subject today. Use 'interactive_diagnostics', 'Emails' to see stored messages
********************************************************************************

********************************************************************************
Email stored not sent on 2025-04-08 17:14:19.248861: Price Spike EURAUD

Spike found in prices for EURAUD/20250900: need to manually check by running interactive_manual_check_historical_prices
********************************************************************************

********************************************************************************
Email stored not sent on 2025-04-08 17:17:40.737159: Price Spike FTSECHINAA

Spike found in prices for FTSECHINAA/20250400: need to manually check by running interactive_manual_check_historical_prices
********************************************************************************

********************************************************************************
Email stored not sent on 2025-04-08 17:17:42.861854: Price Spike FTSECHINAA

To reduce email load, won't send any more emails with this subject today. Use 'interactive_diagnostics', 'Emails' to see stored messages
********************************************************************************

********************************************************************************
Email stored not sent on 2025-04-08 17:17:42.864843: Price Spike FTSECHINAA

Spike found in prices for FTSECHINAA/20250500: need to manually check by running interactive_manual_check_historical_prices
********************************************************************************

********************************************************************************
Email stored not sent on 2025-04-08 17:17:44.342233: Price Spike FTSECHINAA

Spike found in prices for FTSECHINAA/20250600: need to manually check by running interactive_manual_check_historical_prices
********************************************************************************

********************************************************************************
Email stored not sent on 2025-04-08 17:18:25.735401: Price Spike GASOILINE_ICE

Spike found in prices for GASOILINE_ICE/20250500: need to manually check by running interactive_manual_check_historical_prices
********************************************************************************

********************************************************************************
Email stored not sent on 2025-04-08 17:22:02.603539: Price Spike JGB-mini

Spike found in prices for JGB-mini/20250600: need to manually check by running interactive_manual_check_historical_prices
********************************************************************************

********************************************************************************
Email stored not sent on 2025-04-08 17:22:53.995843: Price Spike JGB

Spike found in prices for JGB/20250600: need to manually check by running interactive_manual_check_historical_prices
********************************************************************************

********************************************************************************
Email stored not sent on 2025-04-08 17:25:07.329869: Price Spike MILK

Spike found in prices for MILK/20250700: need to manually check by running interactive_manual_check_historical_prices
********************************************************************************

********************************************************************************
Email stored not sent on 2025-04-08 17:25:14.192040: Price Spike MILKDRY

Spike found in prices for MILKDRY/20250700: need to manually check by running interactive_manual_check_historical_prices
********************************************************************************

********************************************************************************
Email stored not sent on 2025-04-08 17:25:34.874532: Price Spike MSCIEMASIA

Spike found in prices for MSCIEMASIA/20250600: need to manually check by running interactive_manual_check_historical_prices
********************************************************************************

********************************************************************************
Email stored not sent on 2025-04-08 17:25:40.391838: Price Spike MSCISING

Spike found in prices for MSCISING/20250400: need to manually check by running interactive_manual_check_historical_prices
********************************************************************************

********************************************************************************
Email stored not sent on 2025-04-08 17:25:44.371191: Price Spike MSCITAIWAN

Spike found in prices for MSCITAIWAN/20250400: need to manually check by running interactive_manual_check_historical_prices
********************************************************************************

********************************************************************************
Email stored not sent on 2025-04-08 17:25:55.995764: Price Spike MUMMY

Spike found in prices for MUMMY/20251200: need to manually check by running interactive_manual_check_historical_prices
********************************************************************************

********************************************************************************
Email stored not sent on 2025-04-08 17:28:49.419497: Price Spike RUBBER

To reduce email load, won't send any more emails with this subject today. Use 'interactive_diagnostics', 'Emails' to see stored messages
********************************************************************************

********************************************************************************
Email stored not sent on 2025-04-08 17:28:49.422498: Price Spike RUBBER

Spike found in prices for RUBBER/20250500: need to manually check by running interactive_manual_check_historical_prices
********************************************************************************

********************************************************************************
Email stored not sent on 2025-04-08 17:28:50.887897: Price Spike RUBBER

Spike found in prices for RUBBER/20250600: need to manually check by running interactive_manual_check_historical_prices
********************************************************************************

********************************************************************************
Email stored not sent on 2025-04-08 17:28:52.793235: Price Spike RUBBER

Spike found in prices for RUBBER/20250700: need to manually check by running interactive_manual_check_historical_prices
********************************************************************************

********************************************************************************
Email stored not sent on 2025-04-08 17:29:18.939177: Price Spike SARONA

Spike found in prices for SARONA/20250300: need to manually check by running interactive_manual_check_historical_prices
********************************************************************************

********************************************************************************
Email stored not sent on 2025-04-08 17:29:21.042057: Price Spike SARONA

Spike found in prices for SARONA/20250600: need to manually check by running interactive_manual_check_historical_prices
********************************************************************************

********************************************************************************
Email stored not sent on 2025-04-08 17:29:22.952184: Price Spike SARONA

Spike found in prices for SARONA/20250900: need to manually check by running interactive_manual_check_historical_prices
********************************************************************************

********************************************************************************
Email stored not sent on 2025-04-08 17:29:24.837281: Price Spike SARONA

Spike found in prices for SARONA/20251200: need to manually check by running interactive_manual_check_historical_prices
********************************************************************************

********************************************************************************
Email stored not sent on 2025-04-08 17:29:26.771124: Price Spike SARONA

Spike found in prices for SARONA/20260300: need to manually check by running interactive_manual_check_historical_prices
********************************************************************************

********************************************************************************
Email stored not sent on 2025-04-08 17:33:26.290476: Price Spike SUGAR16

Spike found in prices for SUGAR16/20250500: need to manually check by running interactive_manual_check_historical_prices
********************************************************************************

********************************************************************************
Email stored not sent on 2025-04-08 17:33:32.234768: Price Spike SUGAR16

To reduce email load, won't send any more emails with this subject today. Use 'interactive_diagnostics', 'Emails' to see stored messages
********************************************************************************

********************************************************************************
Email stored not sent on 2025-04-08 17:33:32.238784: Price Spike SUGAR16

Spike found in prices for SUGAR16/20251100: need to manually check by running interactive_manual_check_historical_prices
********************************************************************************

********************************************************************************
Email stored not sent on 2025-04-08 17:37:40.401782: Price Spike V2X

To reduce email load, won't send any more emails with this subject today. Use 'interactive_diagnostics', 'Emails' to see stored messages
********************************************************************************

********************************************************************************
Email stored not sent on 2025-04-08 17:37:40.404790: Price Spike V2X

Spike found in prices for V2X/20250400: need to manually check by running interactive_manual_check_historical_prices
********************************************************************************

********************************************************************************
Email stored not sent on 2025-04-08 17:37:40.878302: Price Spike V2X

Spike found in prices for V2X/20250400: need to manually check by running interactive_manual_check_historical_prices
********************************************************************************

********************************************************************************
Email stored not sent on 2025-04-08 17:37:42.838245: Price Spike V2X

Spike found in prices for V2X/20250500: need to manually check by running interactive_manual_check_historical_prices
********************************************************************************

********************************************************************************
Email stored not sent on 2025-04-08 17:37:44.580460: Price Spike VIX

Spike found in prices for VIX/20250400: need to manually check by running interactive_manual_check_historical_prices
********************************************************************************

********************************************************************************
Email stored not sent on 2025-04-08 17:37:46.331294: Price Spike VIX

To reduce email load, won't send any more emails with this subject today. Use 'interactive_diagnostics', 'Emails' to see stored messages
********************************************************************************

********************************************************************************
Email stored not sent on 2025-04-08 17:37:46.334292: Price Spike VIX

Spike found in prices for VIX/20250400: need to manually check by running interactive_manual_check_historical_prices
********************************************************************************

********************************************************************************
Email stored not sent on 2025-04-08 17:37:46.790679: Price Spike VIX

Spike found in prices for VIX/20250500: need to manually check by running interactive_manual_check_historical_prices
********************************************************************************

********************************************************************************
Email stored not sent on 2025-04-08 17:37:48.705472: Price Spike VIX

Spike found in prices for VIX/20250600: need to manually check by running interactive_manual_check_historical_prices
********************************************************************************

********************************************************************************
Email stored not sent on 2025-04-08 17:37:50.571166: Price Spike VIX

Spike found in prices for VIX/20250700: need to manually check by running interactive_manual_check_historical_prices
********************************************************************************

********************************************************************************
Email stored not sent on 2025-04-08 17:38:01.489351: Price Spike VIX

Spike found in prices for VIX/20250800: need to manually check by running interactive_manual_check_historical_prices
********************************************************************************

********************************************************************************
Email stored not sent on 2025-04-08 17:38:14.191968: Price Spike VIX_mini

Spike found in prices for VIX_mini/20250400: need to manually check by running interactive_manual_check_historical_prices
********************************************************************************

********************************************************************************
Email stored not sent on 2025-04-08 17:38:27.052776: Price Spike VIX_mini

To reduce email load, won't send any more emails with this subject today. Use 'interactive_diagnostics', 'Emails' to see stored messages
********************************************************************************

********************************************************************************
Email stored not sent on 2025-04-08 17:38:27.055778: Price Spike VIX_mini

Spike found in prices for VIX_mini/20250500: need to manually check by running interactive_manual_check_historical_prices
********************************************************************************

********************************************************************************
Email stored not sent on 2025-04-08 17:38:30.156318: Price Spike VIX_mini

Spike found in prices for VIX_mini/20250700: need to manually check by running interactive_manual_check_historical_prices
********************************************************************************

********************************************************************************
Email stored not sent on 2025-04-08 17:39:40.667109: Price Spike WHEY

Spike found in prices for WHEY/20250500: need to manually check by running interactive_manual_check_historical_prices
********************************************************************************

********************************************************************************
Email stored not sent on 2025-04-09 07:31:39.654135: Price Spike BRENT_W

Spike found in prices for BRENT_W/20250600: need to manually check by running interactive_manual_check_historical_prices
********************************************************************************

********************************************************************************
Email stored not sent on 2025-04-09 07:31:41.931258: Price Spike BRENT_W

To reduce email load, won't send any more emails with this subject today. Use 'interactive_diagnostics', 'Emails' to see stored messages
********************************************************************************

********************************************************************************
Email stored not sent on 2025-04-09 07:31:41.934257: Price Spike BRENT_W

Spike found in prices for BRENT_W/20250700: need to manually check by running interactive_manual_check_historical_prices
********************************************************************************

********************************************************************************
Email stored not sent on 2025-04-09 07:31:43.163531: Price Spike BRENT_W

Spike found in prices for BRENT_W/20250800: need to manually check by running interactive_manual_check_historical_prices
********************************************************************************

********************************************************************************
Email stored not sent on 2025-04-09 07:32:52.584198: Price Spike CAC

Spike found in prices for CAC/20250600: need to manually check by running interactive_manual_check_historical_prices
********************************************************************************

********************************************************************************
Email stored not sent on 2025-04-09 07:33:33.481492: Price Spike CHEESE

Spike found in prices for CHEESE/20250600: need to manually check by running interactive_manual_check_historical_prices
********************************************************************************

********************************************************************************
Email stored not sent on 2025-04-09 07:34:25.382549: Price Spike CHINAA-CON

Spike found in prices for CHINAA-CON/20250600: need to manually check by running interactive_manual_check_historical_prices
********************************************************************************

********************************************************************************
Email stored not sent on 2025-04-09 07:36:19.576046: Price Spike COPPER_LME

Spike found in prices for COPPER_LME/20250500: need to manually check by running interactive_manual_check_historical_prices
********************************************************************************

********************************************************************************
Email stored not sent on 2025-04-09 07:37:41.307819: Price Spike CRUDE_ICE

Spike found in prices for CRUDE_ICE/20250500: need to manually check by running interactive_manual_check_historical_prices
********************************************************************************

********************************************************************************
Email stored not sent on 2025-04-09 07:43:40.863647: Price Spike EU-INSURE

Spike found in prices for EU-INSURE/20250600: need to manually check by running interactive_manual_check_historical_prices
********************************************************************************

********************************************************************************
Email stored not sent on 2025-04-09 07:46:11.151815: Price Spike EURAUD

Spike found in prices for EURAUD/20250600: need to manually check by running interactive_manual_check_historical_prices
********************************************************************************

********************************************************************************
Email stored not sent on 2025-04-09 07:46:23.111133: Price Spike EURAUD

Spike found in prices for EURAUD/20250900: need to manually check by running interactive_manual_check_historical_prices
********************************************************************************

********************************************************************************
Email stored not sent on 2025-04-09 07:49:39.289609: Price Spike FTSECHINAA

Spike found in prices for FTSECHINAA/20250400: need to manually check by running interactive_manual_check_historical_prices
********************************************************************************

********************************************************************************
Email stored not sent on 2025-04-09 07:49:41.203861: Price Spike FTSECHINAA

Spike found in prices for FTSECHINAA/20250500: need to manually check by running interactive_manual_check_historical_prices
********************************************************************************

********************************************************************************
Email stored not sent on 2025-04-09 07:49:43.078854: Price Spike FTSECHINAA

Spike found in prices for FTSECHINAA/20250600: need to manually check by running interactive_manual_check_historical_prices
********************************************************************************

********************************************************************************
Email stored not sent on 2025-04-09 07:50:20.102926: Price Spike GASOIL

Spike found in prices for GASOIL/20250500: need to manually check by running interactive_manual_check_historical_prices
********************************************************************************

********************************************************************************
Email stored not sent on 2025-04-09 07:50:22.237068: Price Spike GASOIL

To reduce email load, won't send any more emails with this subject today. Use 'interactive_diagnostics', 'Emails' to see stored messages
********************************************************************************

********************************************************************************
Email stored not sent on 2025-04-09 07:50:22.239068: Price Spike GASOIL

Spike found in prices for GASOIL/20250600: need to manually check by running interactive_manual_check_historical_prices
********************************************************************************

********************************************************************************
Email stored not sent on 2025-04-09 07:50:23.660766: Price Spike GASOIL

Spike found in prices for GASOIL/20250700: need to manually check by running interactive_manual_check_historical_prices
********************************************************************************

********************************************************************************
Email stored not sent on 2025-04-09 07:50:34.313976: Price Spike GASOILINE_ICE

Spike found in prices for GASOILINE_ICE/20250500: need to manually check by running interactive_manual_check_historical_prices
********************************************************************************

********************************************************************************
Email stored not sent on 2025-04-09 07:55:18.123321: Price Spike JGB-mini

Spike found in prices for JGB-mini/20250600: need to manually check by running interactive_manual_check_historical_prices
********************************************************************************

********************************************************************************
Email stored not sent on 2025-04-09 07:55:29.830528: Price Spike JGB

To reduce email load, won't send any more emails with this subject today. Use 'interactive_diagnostics', 'Emails' to see stored messages
********************************************************************************

********************************************************************************
Email stored not sent on 2025-04-09 07:55:29.832529: Price Spike JGB

Spike found in prices for JGB/20250600: need to manually check by running interactive_manual_check_historical_prices
********************************************************************************

********************************************************************************
Email stored not sent on 2025-04-09 07:58:09.947015: Price Spike MILK

To reduce email load, won't send any more emails with this subject today. Use 'interactive_diagnostics', 'Emails' to see stored messages
********************************************************************************

********************************************************************************
Email stored not sent on 2025-04-09 07:58:09.949989: Price Spike MILK

Spike found in prices for MILK/20250700: need to manually check by running interactive_manual_check_historical_prices
********************************************************************************

********************************************************************************
Email stored not sent on 2025-04-09 07:58:18.582430: Price Spike MILKDRY

To reduce email load, won't send any more emails with this subject today. Use 'interactive_diagnostics', 'Emails' to see stored messages
********************************************************************************

********************************************************************************
Email stored not sent on 2025-04-09 07:58:18.584433: Price Spike MILKDRY

Spike found in prices for MILKDRY/20250700: need to manually check by running interactive_manual_check_historical_prices
********************************************************************************

********************************************************************************
Email stored not sent on 2025-04-09 07:58:58.903407: Price Spike MSCIEMASIA

To reduce email load, won't send any more emails with this subject today. Use 'interactive_diagnostics', 'Emails' to see stored messages
********************************************************************************

********************************************************************************
Email stored not sent on 2025-04-09 07:58:58.905380: Price Spike MSCIEMASIA

Spike found in prices for MSCIEMASIA/20250600: need to manually check by running interactive_manual_check_historical_prices
********************************************************************************

********************************************************************************
Email stored not sent on 2025-04-09 07:59:04.685966: Price Spike MSCISING

To reduce email load, won't send any more emails with this subject today. Use 'interactive_diagnostics', 'Emails' to see stored messages
********************************************************************************

********************************************************************************
Email stored not sent on 2025-04-09 07:59:04.687966: Price Spike MSCISING

Spike found in prices for MSCISING/20250400: need to manually check by running interactive_manual_check_historical_prices
********************************************************************************

********************************************************************************
Email stored not sent on 2025-04-09 07:59:08.649818: Price Spike MSCITAIWAN

To reduce email load, won't send any more emails with this subject today. Use 'interactive_diagnostics', 'Emails' to see stored messages
********************************************************************************

********************************************************************************
Email stored not sent on 2025-04-09 07:59:08.651822: Price Spike MSCITAIWAN

Spike found in prices for MSCITAIWAN/20250400: need to manually check by running interactive_manual_check_historical_prices
********************************************************************************

********************************************************************************
Email stored not sent on 2025-04-09 07:59:20.166518: Price Spike MUMMY

To reduce email load, won't send any more emails with this subject today. Use 'interactive_diagnostics', 'Emails' to see stored messages
********************************************************************************

********************************************************************************
Email stored not sent on 2025-04-09 07:59:20.169519: Price Spike MUMMY

Spike found in prices for MUMMY/20251200: need to manually check by running interactive_manual_check_historical_prices
********************************************************************************

********************************************************************************
Email stored not sent on 2025-04-09 08:02:36.017966: Price Spike RUBBER

Spike found in prices for RUBBER/20250500: need to manually check by running interactive_manual_check_historical_prices
********************************************************************************

********************************************************************************
Email stored not sent on 2025-04-09 08:02:37.870993: Price Spike RUBBER

Spike found in prices for RUBBER/20250600: need to manually check by running interactive_manual_check_historical_prices
********************************************************************************

********************************************************************************
Email stored not sent on 2025-04-09 08:02:39.773753: Price Spike RUBBER

Spike found in prices for RUBBER/20250700: need to manually check by running interactive_manual_check_historical_prices
********************************************************************************

********************************************************************************
Email stored not sent on 2025-04-09 08:03:06.183137: Price Spike SARONA

Spike found in prices for SARONA/20250300: need to manually check by running interactive_manual_check_historical_prices
********************************************************************************

********************************************************************************
Email stored not sent on 2025-04-09 08:03:08.038162: Price Spike SARONA

Spike found in prices for SARONA/20250600: need to manually check by running interactive_manual_check_historical_prices
********************************************************************************

********************************************************************************
Email stored not sent on 2025-04-09 08:03:09.910165: Price Spike SARONA

Spike found in prices for SARONA/20250900: need to manually check by running interactive_manual_check_historical_prices
********************************************************************************

********************************************************************************
Email stored not sent on 2025-04-09 08:03:11.885681: Price Spike SARONA

Spike found in prices for SARONA/20251200: need to manually check by running interactive_manual_check_historical_prices
********************************************************************************

********************************************************************************
Email stored not sent on 2025-04-09 08:03:13.840673: Price Spike SARONA

Spike found in prices for SARONA/20260300: need to manually check by running interactive_manual_check_historical_prices
********************************************************************************

********************************************************************************
Email stored not sent on 2025-04-09 08:07:59.109603: Price Spike SUGAR16

Spike found in prices for SUGAR16/20250500: need to manually check by running interactive_manual_check_historical_prices
********************************************************************************

********************************************************************************
Email stored not sent on 2025-04-09 08:08:04.667481: Price Spike SUGAR16

Spike found in prices for SUGAR16/20251100: need to manually check by running interactive_manual_check_historical_prices
********************************************************************************

********************************************************************************
Email stored not sent on 2025-04-09 08:12:24.307223: Price Spike V2X

Spike found in prices for V2X/20250400: need to manually check by running interactive_manual_check_historical_prices
********************************************************************************

********************************************************************************
Email stored not sent on 2025-04-09 08:12:25.165220: Price Spike V2X

Spike found in prices for V2X/20250400: need to manually check by running interactive_manual_check_historical_prices
********************************************************************************

********************************************************************************
Email stored not sent on 2025-04-09 08:12:27.092226: Price Spike V2X

Spike found in prices for V2X/20250500: need to manually check by running interactive_manual_check_historical_prices
********************************************************************************

********************************************************************************
Email stored not sent on 2025-04-09 08:12:29.349191: Price Spike VIX

Spike found in prices for VIX/20250400: need to manually check by running interactive_manual_check_historical_prices
********************************************************************************

********************************************************************************
Email stored not sent on 2025-04-09 08:12:35.743775: Price Spike VIX

Spike found in prices for VIX/20250400: need to manually check by running interactive_manual_check_historical_prices
********************************************************************************

********************************************************************************
Email stored not sent on 2025-04-09 08:12:42.133366: Price Spike VIX

Spike found in prices for VIX/20250500: need to manually check by running interactive_manual_check_historical_prices
********************************************************************************

********************************************************************************
Email stored not sent on 2025-04-09 08:12:59.942908: Price Spike VIX

Spike found in prices for VIX/20250600: need to manually check by running interactive_manual_check_historical_prices
********************************************************************************

********************************************************************************
Email stored not sent on 2025-04-09 08:13:05.449621: Price Spike VIX

Spike found in prices for VIX/20250700: need to manually check by running interactive_manual_check_historical_prices
********************************************************************************

********************************************************************************
Email stored not sent on 2025-04-09 08:13:08.376234: Price Spike VIX

Spike found in prices for VIX/20250800: need to manually check by running interactive_manual_check_historical_prices
********************************************************************************

********************************************************************************
Email stored not sent on 2025-04-09 08:13:10.298428: Price Spike VIX_mini

Spike found in prices for VIX_mini/20250400: need to manually check by running interactive_manual_check_historical_prices
********************************************************************************

********************************************************************************
Email stored not sent on 2025-04-09 08:13:11.868743: Price Spike VIX_mini

Spike found in prices for VIX_mini/20250500: need to manually check by running interactive_manual_check_historical_prices
********************************************************************************

********************************************************************************
Email stored not sent on 2025-04-09 08:13:15.192603: Price Spike VIX_mini

Spike found in prices for VIX_mini/20250700: need to manually check by running interactive_manual_check_historical_prices
********************************************************************************

********************************************************************************
Email stored not sent on 2025-04-09 08:14:58.640194: Price Spike WHEY

To reduce email load, won't send any more emails with this subject today. Use 'interactive_diagnostics', 'Emails' to see stored messages
********************************************************************************

********************************************************************************
Email stored not sent on 2025-04-09 08:14:58.643164: Price Spike WHEY

Spike found in prices for WHEY/20250500: need to manually check by running interactive_manual_check_historical_prices
********************************************************************************

********************************************************************************
Email stored not sent on 2025-04-09 17:00:14.949667: Price Spike AEX

Spike found in prices for AEX/20250400: need to manually check by running interactive_manual_check_historical_prices
********************************************************************************

********************************************************************************
Email stored not sent on 2025-04-09 17:00:22.344775: Price Spike ALUMINIUM

Spike found in prices for ALUMINIUM/20250600: need to manually check by running interactive_manual_check_historical_prices
********************************************************************************

********************************************************************************
Email stored not sent on 2025-04-09 17:01:15.975258: Price Spike BRENT-LAST

Spike found in prices for BRENT-LAST/20250600: need to manually check by running interactive_manual_check_historical_prices
********************************************************************************

********************************************************************************
Email stored not sent on 2025-04-09 17:01:17.854415: Price Spike BRENT-LAST

To reduce email load, won't send any more emails with this subject today. Use 'interactive_diagnostics', 'Emails' to see stored messages
********************************************************************************

********************************************************************************
Email stored not sent on 2025-04-09 17:01:17.856419: Price Spike BRENT-LAST

Spike found in prices for BRENT-LAST/20250700: need to manually check by running interactive_manual_check_historical_prices
********************************************************************************

********************************************************************************
Email stored not sent on 2025-04-09 17:01:22.090184: Price Spike BRENT_W

Spike found in prices for BRENT_W/20250600: need to manually check by running interactive_manual_check_historical_prices
********************************************************************************

********************************************************************************
Email stored not sent on 2025-04-09 17:01:23.556616: Price Spike BRENT_W

Spike found in prices for BRENT_W/20250700: need to manually check by running interactive_manual_check_historical_prices
********************************************************************************

********************************************************************************
Email stored not sent on 2025-04-09 17:01:25.103539: Price Spike BRENT_W

Spike found in prices for BRENT_W/20250800: need to manually check by running interactive_manual_check_historical_prices
********************************************************************************

********************************************************************************
Email stored not sent on 2025-04-09 17:01:27.700385: Price Spike BRENT_W

Spike found in prices for BRENT_W/20250900: need to manually check by running interactive_manual_check_historical_prices
********************************************************************************

********************************************************************************
Email stored not sent on 2025-04-09 17:01:29.220321: Price Spike BRENT_W

Spike found in prices for BRENT_W/20251000: need to manually check by running interactive_manual_check_historical_prices
********************************************************************************

********************************************************************************
Email stored not sent on 2025-04-09 17:02:10.637083: Price Spike CAC

To reduce email load, won't send any more emails with this subject today. Use 'interactive_diagnostics', 'Emails' to see stored messages
********************************************************************************

********************************************************************************
Email stored not sent on 2025-04-09 17:02:10.640090: Price Spike CAC

Spike found in prices for CAC/20250400: need to manually check by running interactive_manual_check_historical_prices
********************************************************************************

********************************************************************************
Email stored not sent on 2025-04-09 17:03:23.071423: Price Spike CHEESE

To reduce email load, won't send any more emails with this subject today. Use 'interactive_diagnostics', 'Emails' to see stored messages
********************************************************************************

********************************************************************************
Email stored not sent on 2025-04-09 17:03:23.074406: Price Spike CHEESE

Spike found in prices for CHEESE/20250700: need to manually check by running interactive_manual_check_historical_prices
********************************************************************************

********************************************************************************
Email stored not sent on 2025-04-09 17:03:24.336944: Price Spike CHF

Spike found in prices for CHF/20250600: need to manually check by running interactive_manual_check_historical_prices
********************************************************************************

********************************************************************************
Email stored not sent on 2025-04-09 17:04:36.928068: Price Spike CNH

Spike found in prices for CNH/20250700: need to manually check by running interactive_manual_check_historical_prices
********************************************************************************

********************************************************************************
Email stored not sent on 2025-04-09 17:07:08.936310: Price Spike CRUDE_ICE

To reduce email load, won't send any more emails with this subject today. Use 'interactive_diagnostics', 'Emails' to see stored messages
********************************************************************************

********************************************************************************
Email stored not sent on 2025-04-09 17:07:08.939311: Price Spike CRUDE_ICE

Spike found in prices for CRUDE_ICE/20250500: need to manually check by running interactive_manual_check_historical_prices
********************************************************************************

********************************************************************************
Email stored not sent on 2025-04-09 17:07:10.089083: Price Spike CRUDE_ICE

Spike found in prices for CRUDE_ICE/20250600: need to manually check by running interactive_manual_check_historical_prices
********************************************************************************

********************************************************************************
Email stored not sent on 2025-04-09 17:07:11.839226: Price Spike CRUDE_ICE

Spike found in prices for CRUDE_ICE/20250700: need to manually check by running interactive_manual_check_historical_prices
********************************************************************************

********************************************************************************
Email stored not sent on 2025-04-09 17:07:13.659580: Price Spike CRUDE_ICE

Spike found in prices for CRUDE_ICE/20250800: need to manually check by running interactive_manual_check_historical_prices
********************************************************************************

********************************************************************************
Email stored not sent on 2025-04-09 17:07:15.880351: Price Spike CRUDE_W

Spike found in prices for CRUDE_W/20250500: need to manually check by running interactive_manual_check_historical_prices
********************************************************************************

********************************************************************************
Email stored not sent on 2025-04-09 17:07:17.724998: Price Spike CRUDE_W

To reduce email load, won't send any more emails with this subject today. Use 'interactive_diagnostics', 'Emails' to see stored messages
********************************************************************************

********************************************************************************
Email stored not sent on 2025-04-09 17:07:17.727002: Price Spike CRUDE_W

Spike found in prices for CRUDE_W/20250600: need to manually check by running interactive_manual_check_historical_prices
********************************************************************************

********************************************************************************
Email stored not sent on 2025-04-09 17:07:18.824715: Price Spike CRUDE_W

Spike found in prices for CRUDE_W/20250700: need to manually check by running interactive_manual_check_historical_prices
********************************************************************************

********************************************************************************
Email stored not sent on 2025-04-09 17:07:20.403788: Price Spike CRUDE_W

Spike found in prices for CRUDE_W/20250800: need to manually check by running interactive_manual_check_historical_prices
********************************************************************************

********************************************************************************
Email stored not sent on 2025-04-09 17:07:22.004681: Price Spike CRUDE_W

Spike found in prices for CRUDE_W/20250900: need to manually check by running interactive_manual_check_historical_prices
********************************************************************************

********************************************************************************
Email stored not sent on 2025-04-09 17:07:23.515640: Price Spike CRUDE_W

Spike found in prices for CRUDE_W/20251000: need to manually check by running interactive_manual_check_historical_prices
********************************************************************************

********************************************************************************
Email stored not sent on 2025-04-09 17:07:25.050017: Price Spike CRUDE_W

Spike found in prices for CRUDE_W/20251100: need to manually check by running interactive_manual_check_historical_prices
********************************************************************************

********************************************************************************
Email stored not sent on 2025-04-09 17:07:26.566706: Price Spike CRUDE_W

Spike found in prices for CRUDE_W/20251200: need to manually check by running interactive_manual_check_historical_prices
********************************************************************************

********************************************************************************
Email stored not sent on 2025-04-09 17:07:28.060981: Price Spike CRUDE_W

Spike found in prices for CRUDE_W/20260100: need to manually check by running interactive_manual_check_historical_prices
********************************************************************************

********************************************************************************
Email stored not sent on 2025-04-09 17:07:29.564044: Price Spike CRUDE_W

Spike found in prices for CRUDE_W/20260200: need to manually check by running interactive_manual_check_historical_prices
********************************************************************************

********************************************************************************
Email stored not sent on 2025-04-09 17:07:33.344067: Price Spike CRUDE_W

Spike found in prices for CRUDE_W/20260300: need to manually check by running interactive_manual_check_historical_prices
********************************************************************************

********************************************************************************
Email stored not sent on 2025-04-09 17:07:51.354401: Price Spike CRUDE_W

Spike found in prices for CRUDE_W/20260600: need to manually check by running interactive_manual_check_historical_prices
********************************************************************************

********************************************************************************
Email stored not sent on 2025-04-09 17:08:11.510051: Price Spike CRUDE_W

Spike found in prices for CRUDE_W/20261200: need to manually check by running interactive_manual_check_historical_prices
********************************************************************************

********************************************************************************
Email stored not sent on 2025-04-09 17:08:15.817980: Price Spike CRUDE_W_micro

Spike found in prices for CRUDE_W_micro/20250500: need to manually check by running interactive_manual_check_historical_prices
********************************************************************************

********************************************************************************
Email stored not sent on 2025-04-09 17:08:17.639552: Price Spike CRUDE_W_micro

To reduce email load, won't send any more emails with this subject today. Use 'interactive_diagnostics', 'Emails' to see stored messages
********************************************************************************

********************************************************************************
Email stored not sent on 2025-04-09 17:08:17.641547: Price Spike CRUDE_W_micro

Spike found in prices for CRUDE_W_micro/20250600: need to manually check by running interactive_manual_check_historical_prices
********************************************************************************

********************************************************************************
Email stored not sent on 2025-04-09 17:08:19.418103: Price Spike CRUDE_W_mini

Spike found in prices for CRUDE_W_mini/20250500: need to manually check by running interactive_manual_check_historical_prices
********************************************************************************

********************************************************************************
Email stored not sent on 2025-04-09 17:08:21.344940: Price Spike CRUDE_W_mini

To reduce email load, won't send any more emails with this subject today. Use 'interactive_diagnostics', 'Emails' to see stored messages
********************************************************************************

********************************************************************************
Email stored not sent on 2025-04-09 17:08:21.346917: Price Spike CRUDE_W_mini

Spike found in prices for CRUDE_W_mini/20250600: need to manually check by running interactive_manual_check_historical_prices
********************************************************************************

********************************************************************************
Email stored not sent on 2025-04-09 17:08:41.690288: Price Spike DOW

Spike found in prices for DOW/20250600: need to manually check by running interactive_manual_check_historical_prices
********************************************************************************

********************************************************************************
Email stored not sent on 2025-04-09 17:09:04.115540: Price Spike DOW_mini

Spike found in prices for DOW_mini/20250600: need to manually check by running interactive_manual_check_historical_prices
********************************************************************************

********************************************************************************
Email stored not sent on 2025-04-09 17:15:36.831166: Price Spike EURAUD

Spike found in prices for EURAUD/20250600: need to manually check by running interactive_manual_check_historical_prices
********************************************************************************

********************************************************************************
Email stored not sent on 2025-04-09 17:15:42.771164: Price Spike EURAUD

To reduce email load, won't send any more emails with this subject today. Use 'interactive_diagnostics', 'Emails' to see stored messages
********************************************************************************

********************************************************************************
Email stored not sent on 2025-04-09 17:15:42.773162: Price Spike EURAUD

Spike found in prices for EURAUD/20250900: need to manually check by running interactive_manual_check_historical_prices
********************************************************************************

********************************************************************************
Email stored not sent on 2025-04-09 17:16:21.495096: Price Spike EURIBOR-ICE

Spike found in prices for EURIBOR-ICE/20250600: need to manually check by running interactive_manual_check_historical_prices
********************************************************************************

********************************************************************************
Email stored not sent on 2025-04-09 17:16:23.998150: Price Spike EURIBOR-ICE

To reduce email load, won't send any more emails with this subject today. Use 'interactive_diagnostics', 'Emails' to see stored messages
********************************************************************************

********************************************************************************
Email stored not sent on 2025-04-09 17:16:24.000152: Price Spike EURIBOR-ICE

Spike found in prices for EURIBOR-ICE/20250900: need to manually check by running interactive_manual_check_historical_prices
********************************************************************************

********************************************************************************
Email stored not sent on 2025-04-09 17:16:25.610148: Price Spike EURIBOR-ICE

Spike found in prices for EURIBOR-ICE/20251200: need to manually check by running interactive_manual_check_historical_prices
********************************************************************************

********************************************************************************
Email stored not sent on 2025-04-09 17:16:27.592150: Price Spike EURIBOR-ICE

Spike found in prices for EURIBOR-ICE/20260300: need to manually check by running interactive_manual_check_historical_prices
********************************************************************************

********************************************************************************
Email stored not sent on 2025-04-09 17:17:03.364376: Price Spike EURO600

Spike found in prices for EURO600/20250600: need to manually check by running interactive_manual_check_historical_prices
********************************************************************************

********************************************************************************
Email stored not sent on 2025-04-09 17:17:39.732851: Price Spike EUROSTX

Spike found in prices for EUROSTX/20250600: need to manually check by running interactive_manual_check_historical_prices
********************************************************************************

********************************************************************************
Email stored not sent on 2025-04-09 17:18:42.802699: Price Spike FED

Spike found in prices for FED/20250700: need to manually check by running interactive_manual_check_historical_prices
********************************************************************************

********************************************************************************
Email stored not sent on 2025-04-09 17:18:44.634699: Price Spike FED

To reduce email load, won't send any more emails with this subject today. Use 'interactive_diagnostics', 'Emails' to see stored messages
********************************************************************************

********************************************************************************
Email stored not sent on 2025-04-09 17:18:44.636700: Price Spike FED

Spike found in prices for FED/20250800: need to manually check by running interactive_manual_check_historical_prices
********************************************************************************

********************************************************************************
Email stored not sent on 2025-04-09 17:18:46.485604: Price Spike FED

Spike found in prices for FED/20250900: need to manually check by running interactive_manual_check_historical_prices
********************************************************************************

********************************************************************************
Email stored not sent on 2025-04-09 17:19:34.042778: Price Spike FTSE100

Spike found in prices for FTSE100/20250600: need to manually check by running interactive_manual_check_historical_prices
********************************************************************************

********************************************************************************
Email stored not sent on 2025-04-09 17:19:46.883322: Price Spike FTSECHINAA

Spike found in prices for FTSECHINAA/20250400: need to manually check by running interactive_manual_check_historical_prices
********************************************************************************

********************************************************************************
Email stored not sent on 2025-04-09 17:19:49.147724: Price Spike FTSECHINAA

To reduce email load, won't send any more emails with this subject today. Use 'interactive_diagnostics', 'Emails' to see stored messages
********************************************************************************

********************************************************************************
Email stored not sent on 2025-04-09 17:19:49.149488: Price Spike FTSECHINAA

Spike found in prices for FTSECHINAA/20250500: need to manually check by running interactive_manual_check_historical_prices
********************************************************************************

********************************************************************************
Email stored not sent on 2025-04-09 17:19:50.670929: Price Spike FTSECHINAA

Spike found in prices for FTSECHINAA/20250600: need to manually check by running interactive_manual_check_historical_prices
********************************************************************************

********************************************************************************
Email stored not sent on 2025-04-09 17:20:31.128271: Price Spike GASOIL

Spike found in prices for GASOIL/20250500: need to manually check by running interactive_manual_check_historical_prices
********************************************************************************

********************************************************************************
Email stored not sent on 2025-04-09 17:20:32.672055: Price Spike GASOIL

Spike found in prices for GASOIL/20250600: need to manually check by running interactive_manual_check_historical_prices
********************************************************************************

********************************************************************************
Email stored not sent on 2025-04-09 17:20:34.227126: Price Spike GASOIL

Spike found in prices for GASOIL/20250700: need to manually check by running interactive_manual_check_historical_prices
********************************************************************************

********************************************************************************
Email stored not sent on 2025-04-09 17:20:35.731138: Price Spike GASOIL

Spike found in prices for GASOIL/20250800: need to manually check by running interactive_manual_check_historical_prices
********************************************************************************

********************************************************************************
Email stored not sent on 2025-04-09 17:20:37.280037: Price Spike GASOIL

Spike found in prices for GASOIL/20250900: need to manually check by running interactive_manual_check_historical_prices
********************************************************************************

********************************************************************************
Email stored not sent on 2025-04-09 17:20:39.551718: Price Spike GASOILINE

Spike found in prices for GASOILINE/20250500: need to manually check by running interactive_manual_check_historical_prices
********************************************************************************

********************************************************************************
Email stored not sent on 2025-04-09 17:20:42.218033: Price Spike GASOILINE

To reduce email load, won't send any more emails with this subject today. Use 'interactive_diagnostics', 'Emails' to see stored messages
********************************************************************************

********************************************************************************
Email stored not sent on 2025-04-09 17:20:42.219990: Price Spike GASOILINE

Spike found in prices for GASOILINE/20250600: need to manually check by running interactive_manual_check_historical_prices
********************************************************************************

********************************************************************************
Email stored not sent on 2025-04-09 17:20:43.579570: Price Spike GASOILINE

Spike found in prices for GASOILINE/20250700: need to manually check by running interactive_manual_check_historical_prices
********************************************************************************

********************************************************************************
Email stored not sent on 2025-04-09 17:20:45.059397: Price Spike GASOILINE

Spike found in prices for GASOILINE/20250800: need to manually check by running interactive_manual_check_historical_prices
********************************************************************************

********************************************************************************
Email stored not sent on 2025-04-09 17:20:46.578649: Price Spike GASOILINE

Spike found in prices for GASOILINE/20250900: need to manually check by running interactive_manual_check_historical_prices
********************************************************************************

********************************************************************************
Email stored not sent on 2025-04-09 17:20:49.067914: Price Spike GASOILINE_ICE

To reduce email load, won't send any more emails with this subject today. Use 'interactive_diagnostics', 'Emails' to see stored messages
********************************************************************************

********************************************************************************
Email stored not sent on 2025-04-09 17:20:49.069918: Price Spike GASOILINE_ICE

Spike found in prices for GASOILINE_ICE/20250500: need to manually check by running interactive_manual_check_historical_prices
********************************************************************************

********************************************************************************
Email stored not sent on 2025-04-09 17:20:50.223609: Price Spike GASOILINE_ICE

Spike found in prices for GASOILINE_ICE/20250600: need to manually check by running interactive_manual_check_historical_prices
********************************************************************************

********************************************************************************
Email stored not sent on 2025-04-09 17:24:01.227246: Price Spike HEATOIL-ICE

Spike found in prices for HEATOIL-ICE/20250600: need to manually check by running interactive_manual_check_historical_prices
********************************************************************************

********************************************************************************
Email stored not sent on 2025-04-09 17:24:04.531655: Price Spike HEATOIL

Spike found in prices for HEATOIL/20250500: need to manually check by running interactive_manual_check_historical_prices
********************************************************************************

********************************************************************************
Email stored not sent on 2025-04-09 17:24:06.269489: Price Spike HEATOIL

To reduce email load, won't send any more emails with this subject today. Use 'interactive_diagnostics', 'Emails' to see stored messages
********************************************************************************

********************************************************************************
Email stored not sent on 2025-04-09 17:24:06.271486: Price Spike HEATOIL

Spike found in prices for HEATOIL/20250600: need to manually check by running interactive_manual_check_historical_prices
********************************************************************************

********************************************************************************
Email stored not sent on 2025-04-09 17:24:07.360438: Price Spike HEATOIL

Spike found in prices for HEATOIL/20250700: need to manually check by running interactive_manual_check_historical_prices
********************************************************************************

********************************************************************************
Email stored not sent on 2025-04-09 17:24:08.903903: Price Spike HEATOIL

Spike found in prices for HEATOIL/20250800: need to manually check by running interactive_manual_check_historical_prices
********************************************************************************

********************************************************************************
Email stored not sent on 2025-04-09 17:24:10.381928: Price Spike HEATOIL

Spike found in prices for HEATOIL/20250900: need to manually check by running interactive_manual_check_historical_prices
********************************************************************************

********************************************************************************
Email stored not sent on 2025-04-09 17:26:40.631957: Price Spike KRWUSD_mini

Spike found in prices for KRWUSD_mini/20250400: need to manually check by running interactive_manual_check_historical_prices
********************************************************************************

********************************************************************************
Email stored not sent on 2025-04-09 17:27:36.185562: Price Spike MIB

Spike found in prices for MIB/20250600: need to manually check by running interactive_manual_check_historical_prices
********************************************************************************

********************************************************************************
Email stored not sent on 2025-04-09 17:27:54.209728: Price Spike MILKDRY

Spike found in prices for MILKDRY/20250800: need to manually check by running interactive_manual_check_historical_prices
********************************************************************************

********************************************************************************
Email stored not sent on 2025-04-09 17:27:59.513647: Price Spike MILKWET

Spike found in prices for MILKWET/20250600: need to manually check by running interactive_manual_check_historical_prices
********************************************************************************

********************************************************************************
Email stored not sent on 2025-04-09 17:29:04.918908: Price Spike NASDAQ

Spike found in prices for NASDAQ/20250600: need to manually check by running interactive_manual_check_historical_prices
********************************************************************************

********************************************************************************
Email stored not sent on 2025-04-09 17:29:09.929566: Price Spike NASDAQ_micro

Spike found in prices for NASDAQ_micro/20250600: need to manually check by running interactive_manual_check_historical_prices
********************************************************************************

********************************************************************************
Email stored not sent on 2025-04-09 17:29:23.250761: Price Spike NIKKEI

Spike found in prices for NIKKEI/20250400: need to manually check by running interactive_manual_check_historical_prices
********************************************************************************

********************************************************************************
Email stored not sent on 2025-04-09 17:29:25.704961: Price Spike NIKKEI

To reduce email load, won't send any more emails with this subject today. Use 'interactive_diagnostics', 'Emails' to see stored messages
********************************************************************************

********************************************************************************
Email stored not sent on 2025-04-09 17:29:25.706946: Price Spike NIKKEI

Spike found in prices for NIKKEI/20250500: need to manually check by running interactive_manual_check_historical_prices
********************************************************************************

********************************************************************************
Email stored not sent on 2025-04-09 17:32:04.430849: Price Spike RUBBER

Spike found in prices for RUBBER/20250500: need to manually check by running interactive_manual_check_historical_prices
********************************************************************************

********************************************************************************
Email stored not sent on 2025-04-09 17:32:07.129849: Price Spike RUBBER

To reduce email load, won't send any more emails with this subject today. Use 'interactive_diagnostics', 'Emails' to see stored messages
********************************************************************************

********************************************************************************
Email stored not sent on 2025-04-09 17:32:07.131849: Price Spike RUBBER

Spike found in prices for RUBBER/20250600: need to manually check by running interactive_manual_check_historical_prices
********************************************************************************

********************************************************************************
Email stored not sent on 2025-04-09 17:32:08.553871: Price Spike RUBBER

Spike found in prices for RUBBER/20250700: need to manually check by running interactive_manual_check_historical_prices
********************************************************************************

********************************************************************************
Email stored not sent on 2025-04-09 17:32:12.625465: Price Spike RUSSELL

Spike found in prices for RUSSELL/20250600: need to manually check by running interactive_manual_check_historical_prices
********************************************************************************

********************************************************************************
Email stored not sent on 2025-04-09 17:32:29.165294: Price Spike RUSSELL_mini

Spike found in prices for RUSSELL_mini/20250600: need to manually check by running interactive_manual_check_historical_prices
********************************************************************************

********************************************************************************
Email stored not sent on 2025-04-09 17:32:50.684139: Price Spike SARONA

Spike found in prices for SARONA/20250300: need to manually check by running interactive_manual_check_historical_prices
********************************************************************************

********************************************************************************
Email stored not sent on 2025-04-09 17:32:52.805060: Price Spike SARONA

To reduce email load, won't send any more emails with this subject today. Use 'interactive_diagnostics', 'Emails' to see stored messages
********************************************************************************

********************************************************************************
Email stored not sent on 2025-04-09 17:32:52.807083: Price Spike SARONA

Spike found in prices for SARONA/20250600: need to manually check by running interactive_manual_check_historical_prices
********************************************************************************

********************************************************************************
Email stored not sent on 2025-04-09 17:32:54.254289: Price Spike SARONA

Spike found in prices for SARONA/20250900: need to manually check by running interactive_manual_check_historical_prices
********************************************************************************

********************************************************************************
Email stored not sent on 2025-04-09 17:32:56.128787: Price Spike SARONA

Spike found in prices for SARONA/20251200: need to manually check by running interactive_manual_check_historical_prices
********************************************************************************

********************************************************************************
Email stored not sent on 2025-04-09 17:32:59.241713: Price Spike SARONA

Spike found in prices for SARONA/20260300: need to manually check by running interactive_manual_check_historical_prices
********************************************************************************

********************************************************************************
Email stored not sent on 2025-04-09 17:33:23.924580: Price Spike SHATZ

Spike found in prices for SHATZ/20250600: need to manually check by running interactive_manual_check_historical_prices
********************************************************************************

********************************************************************************
Email stored not sent on 2025-04-09 17:33:39.589526: Price Spike SMI

Spike found in prices for SMI/20250600: need to manually check by running interactive_manual_check_historical_prices
********************************************************************************

********************************************************************************
Email stored not sent on 2025-04-09 17:33:46.932924: Price Spike SOFR

Spike found in prices for SOFR/20250600: need to manually check by running interactive_manual_check_historical_prices
********************************************************************************

********************************************************************************
Email stored not sent on 2025-04-09 17:33:48.754456: Price Spike SOFR

To reduce email load, won't send any more emails with this subject today. Use 'interactive_diagnostics', 'Emails' to see stored messages
********************************************************************************

********************************************************************************
Email stored not sent on 2025-04-09 17:33:48.756443: Price Spike SOFR

Spike found in prices for SOFR/20250900: need to manually check by running interactive_manual_check_historical_prices
********************************************************************************

********************************************************************************
Email stored not sent on 2025-04-09 17:33:49.883509: Price Spike SOFR

Spike found in prices for SOFR/20251200: need to manually check by running interactive_manual_check_historical_prices
********************************************************************************

********************************************************************************
Email stored not sent on 2025-04-09 17:33:51.716623: Price Spike SOFR

Spike found in prices for SOFR/20260300: need to manually check by running interactive_manual_check_historical_prices
********************************************************************************

********************************************************************************
Email stored not sent on 2025-04-09 17:35:37.529559: Price Spike SP500

Spike found in prices for SP500/20250600: need to manually check by running interactive_manual_check_historical_prices
********************************************************************************

********************************************************************************
Email stored not sent on 2025-04-09 17:35:52.837275: Price Spike SP500_micro

Spike found in prices for SP500_micro/20250600: need to manually check by running interactive_manual_check_historical_prices
********************************************************************************

********************************************************************************
Email stored not sent on 2025-04-09 17:36:18.611942: Price Spike SUGAR16

Spike found in prices for SUGAR16/20251100: need to manually check by running interactive_manual_check_historical_prices
********************************************************************************

********************************************************************************
Email stored not sent on 2025-04-09 17:36:37.132356: Price Spike TOPIX

Spike found in prices for TOPIX/20250600: need to manually check by running interactive_manual_check_historical_prices
********************************************************************************

********************************************************************************
Email stored not sent on 2025-04-09 17:41:03.729622: Price Spike V2X

Spike found in prices for V2X/20250400: need to manually check by running interactive_manual_check_historical_prices
********************************************************************************

********************************************************************************
Email stored not sent on 2025-04-09 17:41:04.970336: Price Spike V2X

To reduce email load, won't send any more emails with this subject today. Use 'interactive_diagnostics', 'Emails' to see stored messages
********************************************************************************

********************************************************************************
Email stored not sent on 2025-04-09 17:41:04.972321: Price Spike V2X

Spike found in prices for V2X/20250400: need to manually check by running interactive_manual_check_historical_prices
********************************************************************************

********************************************************************************
Email stored not sent on 2025-04-09 17:41:05.703417: Price Spike V2X

Spike found in prices for V2X/20250500: need to manually check by running interactive_manual_check_historical_prices
********************************************************************************

********************************************************************************
Email stored not sent on 2025-04-09 17:41:06.533514: Price Spike V2X

Spike found in prices for V2X/20250500: need to manually check by running interactive_manual_check_historical_prices
********************************************************************************

********************************************************************************
Email stored not sent on 2025-04-09 17:41:08.465031: Price Spike VIX

Spike found in prices for VIX/20250400: need to manually check by running interactive_manual_check_historical_prices
********************************************************************************

********************************************************************************
Email stored not sent on 2025-04-09 17:41:11.349760: Price Spike VIX

To reduce email load, won't send any more emails with this subject today. Use 'interactive_diagnostics', 'Emails' to see stored messages
********************************************************************************

********************************************************************************
Email stored not sent on 2025-04-09 17:41:11.639848: Price Spike VIX

Spike found in prices for VIX/20250400: need to manually check by running interactive_manual_check_historical_prices
********************************************************************************

********************************************************************************
Email stored not sent on 2025-04-09 17:41:12.279645: Price Spike VIX

Spike found in prices for VIX/20250500: need to manually check by running interactive_manual_check_historical_prices
********************************************************************************

********************************************************************************
Email stored not sent on 2025-04-09 17:41:14.566970: Price Spike VIX

Spike found in prices for VIX/20250600: need to manually check by running interactive_manual_check_historical_prices
********************************************************************************

********************************************************************************
Email stored not sent on 2025-04-09 17:41:16.383938: Price Spike VIX

Spike found in prices for VIX/20250700: need to manually check by running interactive_manual_check_historical_prices
********************************************************************************

********************************************************************************
Email stored not sent on 2025-04-09 17:41:18.161136: Price Spike VIX

Spike found in prices for VIX/20250800: need to manually check by running interactive_manual_check_historical_prices
********************************************************************************

********************************************************************************
Email stored not sent on 2025-04-09 17:41:20.679641: Price Spike VIX_mini

Spike found in prices for VIX_mini/20250400: need to manually check by running interactive_manual_check_historical_prices
********************************************************************************

********************************************************************************
Email stored not sent on 2025-04-09 17:41:22.792120: Price Spike VIX_mini

To reduce email load, won't send any more emails with this subject today. Use 'interactive_diagnostics', 'Emails' to see stored messages
********************************************************************************

********************************************************************************
Email stored not sent on 2025-04-09 17:41:22.795117: Price Spike VIX_mini

Spike found in prices for VIX_mini/20250500: need to manually check by running interactive_manual_check_historical_prices
********************************************************************************

********************************************************************************
Email stored not sent on 2025-04-09 17:41:24.056636: Price Spike VIX_mini

Spike found in prices for VIX_mini/20250600: need to manually check by running interactive_manual_check_historical_prices
********************************************************************************

********************************************************************************
Email stored not sent on 2025-04-09 17:41:34.243310: Price Spike VIX_mini

Spike found in prices for VIX_mini/20250700: need to manually check by running interactive_manual_check_historical_prices
********************************************************************************

********************************************************************************
Email stored not sent on 2025-04-10 07:32:11.849056: Price Spike BRENT_W

Spike found in prices for BRENT_W/20251000: need to manually check by running interactive_manual_check_historical_prices
********************************************************************************

********************************************************************************
Email stored not sent on 2025-04-10 07:38:23.825663: Price Spike CRUDE_ICE

Spike found in prices for CRUDE_ICE/20250500: need to manually check by running interactive_manual_check_historical_prices
********************************************************************************

********************************************************************************
Email stored not sent on 2025-04-10 07:38:26.748729: Price Spike CRUDE_ICE

Spike found in prices for CRUDE_ICE/20250600: need to manually check by running interactive_manual_check_historical_prices
********************************************************************************

********************************************************************************
Email stored not sent on 2025-04-10 07:38:28.257608: Price Spike CRUDE_ICE

Spike found in prices for CRUDE_ICE/20250700: need to manually check by running interactive_manual_check_historical_prices
********************************************************************************

********************************************************************************
Email stored not sent on 2025-04-10 07:41:14.425667: Price Spike DAX

Spike found in prices for DAX/20250600: need to manually check by running interactive_manual_check_historical_prices
********************************************************************************

********************************************************************************
Email stored not sent on 2025-04-10 07:42:29.634418: Price Spike EU-BANKS

Spike found in prices for EU-BANKS/20250600: need to manually check by running interactive_manual_check_historical_prices
********************************************************************************

********************************************************************************
Email stored not sent on 2025-04-10 07:49:25.720403: Price Spike EURO600

To reduce email load, won't send any more emails with this subject today. Use 'interactive_diagnostics', 'Emails' to see stored messages
********************************************************************************

********************************************************************************
Email stored not sent on 2025-04-10 07:49:25.722425: Price Spike EURO600

Spike found in prices for EURO600/20250600: need to manually check by running interactive_manual_check_historical_prices
********************************************************************************

********************************************************************************
Email stored not sent on 2025-04-10 07:50:01.674701: Price Spike EUROSTX

To reduce email load, won't send any more emails with this subject today. Use 'interactive_diagnostics', 'Emails' to see stored messages
********************************************************************************

********************************************************************************
Email stored not sent on 2025-04-10 07:50:01.676701: Price Spike EUROSTX

Spike found in prices for EUROSTX/20250600: need to manually check by running interactive_manual_check_historical_prices
********************************************************************************

********************************************************************************
Email stored not sent on 2025-04-10 07:50:51.650098: Price Spike FANG

Spike found in prices for FANG/20250600: need to manually check by running interactive_manual_check_historical_prices
********************************************************************************

********************************************************************************
Email stored not sent on 2025-04-10 07:53:07.025093: Price Spike GASOIL

Spike found in prices for GASOIL/20250900: need to manually check by running interactive_manual_check_historical_prices
********************************************************************************

********************************************************************************
Email stored not sent on 2025-04-10 08:02:17.672759: Price Spike MILKDRY

Spike found in prices for MILKDRY/20250800: need to manually check by running interactive_manual_check_historical_prices
********************************************************************************

********************************************************************************
Email stored not sent on 2025-04-10 08:02:36.643807: Price Spike MSCIEAFA

Spike found in prices for MSCIEAFA/20250600: need to manually check by running interactive_manual_check_historical_prices
********************************************************************************

********************************************************************************
Email stored not sent on 2025-04-10 08:02:41.632193: Price Spike MSCIEMASIA

Spike found in prices for MSCIEMASIA/20250600: need to manually check by running interactive_manual_check_historical_prices
********************************************************************************

********************************************************************************
Email stored not sent on 2025-04-10 08:03:03.476734: Price Spike MUMMY

Spike found in prices for MUMMY/20250600: need to manually check by running interactive_manual_check_historical_prices
********************************************************************************

********************************************************************************
Email stored not sent on 2025-04-10 08:03:36.673045: Price Spike NIKKEI

Spike found in prices for NIKKEI/20250400: need to manually check by running interactive_manual_check_historical_prices
********************************************************************************

********************************************************************************
Email stored not sent on 2025-04-10 08:03:38.522021: Price Spike NIKKEI

Spike found in prices for NIKKEI/20250500: need to manually check by running interactive_manual_check_historical_prices
********************************************************************************

********************************************************************************
Email stored not sent on 2025-04-10 08:03:40.327063: Price Spike NIKKEI

Spike found in prices for NIKKEI/20250600: need to manually check by running interactive_manual_check_historical_prices
********************************************************************************

********************************************************************************
Email stored not sent on 2025-04-10 08:03:47.076166: Price Spike NIKKEI

Spike found in prices for NIKKEI/20250900: need to manually check by running interactive_manual_check_historical_prices
********************************************************************************

********************************************************************************
Email stored not sent on 2025-04-10 08:07:47.003827: Price Spike SHATZ

To reduce email load, won't send any more emails with this subject today. Use 'interactive_diagnostics', 'Emails' to see stored messages
********************************************************************************

********************************************************************************
Email stored not sent on 2025-04-10 08:07:47.005803: Price Spike SHATZ

Spike found in prices for SHATZ/20250600: need to manually check by running interactive_manual_check_historical_prices
********************************************************************************

********************************************************************************
Email stored not sent on 2025-04-10 08:12:29.543663: Price Spike TOPIX

To reduce email load, won't send any more emails with this subject today. Use 'interactive_diagnostics', 'Emails' to see stored messages
********************************************************************************

********************************************************************************
Email stored not sent on 2025-04-10 08:12:29.545660: Price Spike TOPIX

Spike found in prices for TOPIX/20250600: need to manually check by running interactive_manual_check_historical_prices
********************************************************************************

********************************************************************************
Email stored not sent on 2025-04-10 08:16:21.688881: Price Spike V2X

Spike found in prices for V2X/20250400: need to manually check by running interactive_manual_check_historical_prices
********************************************************************************

********************************************************************************
Email stored not sent on 2025-04-10 08:16:26.901284: Price Spike VIX

Spike found in prices for VIX/20250400: need to manually check by running interactive_manual_check_historical_prices
********************************************************************************

********************************************************************************
Email stored not sent on 2025-04-10 08:16:28.903519: Price Spike VIX

Spike found in prices for VIX/20250500: need to manually check by running interactive_manual_check_historical_prices
********************************************************************************

********************************************************************************
Email stored not sent on 2025-04-10 08:16:39.272557: Price Spike VIX_mini

Spike found in prices for VIX_mini/20250400: need to manually check by running interactive_manual_check_historical_prices
********************************************************************************

********************************************************************************
Email stored not sent on 2025-04-10 17:00:22.106841: Price Spike ALUMINIUM

To reduce email load, won't send any more emails with this subject today. Use 'interactive_diagnostics', 'Emails' to see stored messages
********************************************************************************

********************************************************************************
Email stored not sent on 2025-04-10 17:00:22.109820: Price Spike ALUMINIUM

Spike found in prices for ALUMINIUM/20250700: need to manually check by running interactive_manual_check_historical_prices
********************************************************************************

********************************************************************************
Email stored not sent on 2025-04-10 17:01:29.170705: Price Spike BRENT_W

To reduce email load, won't send any more emails with this subject today. Use 'interactive_diagnostics', 'Emails' to see stored messages
********************************************************************************

********************************************************************************
Email stored not sent on 2025-04-10 17:01:29.172708: Price Spike BRENT_W

Spike found in prices for BRENT_W/20251000: need to manually check by running interactive_manual_check_historical_prices
********************************************************************************

********************************************************************************
Email stored not sent on 2025-04-10 17:06:55.807730: Price Spike CRUDE_ICE

Spike found in prices for CRUDE_ICE/20250500: need to manually check by running interactive_manual_check_historical_prices
********************************************************************************

********************************************************************************
Email stored not sent on 2025-04-10 17:06:57.249731: Price Spike CRUDE_ICE

Spike found in prices for CRUDE_ICE/20250600: need to manually check by running interactive_manual_check_historical_prices
********************************************************************************

********************************************************************************
Email stored not sent on 2025-04-10 17:06:58.790730: Price Spike CRUDE_ICE

Spike found in prices for CRUDE_ICE/20250700: need to manually check by running interactive_manual_check_historical_prices
********************************************************************************

********************************************************************************
Email stored not sent on 2025-04-10 17:08:30.411568: Price Spike DAX

To reduce email load, won't send any more emails with this subject today. Use 'interactive_diagnostics', 'Emails' to see stored messages
********************************************************************************

********************************************************************************
Email stored not sent on 2025-04-10 17:08:30.413576: Price Spike DAX

Spike found in prices for DAX/20250600: need to manually check by running interactive_manual_check_historical_prices
********************************************************************************

********************************************************************************
Email stored not sent on 2025-04-10 17:09:59.085628: Price Spike EU-BANKS

To reduce email load, won't send any more emails with this subject today. Use 'interactive_diagnostics', 'Emails' to see stored messages
********************************************************************************

********************************************************************************
Email stored not sent on 2025-04-10 17:09:59.087629: Price Spike EU-BANKS

Spike found in prices for EU-BANKS/20250600: need to manually check by running interactive_manual_check_historical_prices
********************************************************************************

********************************************************************************
Email stored not sent on 2025-04-10 17:16:49.029369: Price Spike EURO600

Spike found in prices for EURO600/20250600: need to manually check by running interactive_manual_check_historical_prices
********************************************************************************

********************************************************************************
Email stored not sent on 2025-04-10 17:17:25.164629: Price Spike EUROSTX

Spike found in prices for EUROSTX/20250600: need to manually check by running interactive_manual_check_historical_prices
********************************************************************************

********************************************************************************
Email stored not sent on 2025-04-10 17:18:16.235220: Price Spike FANG

To reduce email load, won't send any more emails with this subject today. Use 'interactive_diagnostics', 'Emails' to see stored messages
********************************************************************************

********************************************************************************
Email stored not sent on 2025-04-10 17:18:16.237220: Price Spike FANG

Spike found in prices for FANG/20250600: need to manually check by running interactive_manual_check_historical_prices
********************************************************************************

********************************************************************************
Email stored not sent on 2025-04-10 17:20:26.136645: Price Spike GASOIL

To reduce email load, won't send any more emails with this subject today. Use 'interactive_diagnostics', 'Emails' to see stored messages
********************************************************************************

********************************************************************************
Email stored not sent on 2025-04-10 17:20:26.139669: Price Spike GASOIL

Spike found in prices for GASOIL/20250900: need to manually check by running interactive_manual_check_historical_prices
********************************************************************************

********************************************************************************
Email stored not sent on 2025-04-10 17:29:00.455766: Price Spike MILKDRY

To reduce email load, won't send any more emails with this subject today. Use 'interactive_diagnostics', 'Emails' to see stored messages
********************************************************************************

********************************************************************************
Email stored not sent on 2025-04-10 17:29:00.457765: Price Spike MILKDRY

Spike found in prices for MILKDRY/20250800: need to manually check by running interactive_manual_check_historical_prices
********************************************************************************

********************************************************************************
Email stored not sent on 2025-04-10 17:29:19.662560: Price Spike MSCIEAFA

To reduce email load, won't send any more emails with this subject today. Use 'interactive_diagnostics', 'Emails' to see stored messages
********************************************************************************

********************************************************************************
Email stored not sent on 2025-04-10 17:29:19.665560: Price Spike MSCIEAFA

Spike found in prices for MSCIEAFA/20250600: need to manually check by running interactive_manual_check_historical_prices
********************************************************************************

********************************************************************************
Email stored not sent on 2025-04-10 17:30:27.430916: Price Spike NIKKEI

Spike found in prices for NIKKEI/20250400: need to manually check by running interactive_manual_check_historical_prices
********************************************************************************

********************************************************************************
Email stored not sent on 2025-04-10 17:30:29.884952: Price Spike NIKKEI

To reduce email load, won't send any more emails with this subject today. Use 'interactive_diagnostics', 'Emails' to see stored messages
********************************************************************************

********************************************************************************
Email stored not sent on 2025-04-10 17:30:29.887928: Price Spike NIKKEI

Spike found in prices for NIKKEI/20250500: need to manually check by running interactive_manual_check_historical_prices
********************************************************************************

********************************************************************************
Email stored not sent on 2025-04-10 17:30:31.920951: Price Spike NIKKEI

Spike found in prices for NIKKEI/20250600: need to manually check by running interactive_manual_check_historical_prices
********************************************************************************

********************************************************************************
Email stored not sent on 2025-04-10 17:30:38.744505: Price Spike NIKKEI

Spike found in prices for NIKKEI/20250900: need to manually check by running interactive_manual_check_historical_prices
********************************************************************************

********************************************************************************
Email stored not sent on 2025-04-10 17:33:14.873746: Price Spike RUBBER

Spike found in prices for RUBBER/20250800: need to manually check by running interactive_manual_check_historical_prices
********************************************************************************

********************************************************************************
Email stored not sent on 2025-04-10 17:34:23.772606: Price Spike SHATZ

Spike found in prices for SHATZ/20250600: need to manually check by running interactive_manual_check_historical_prices
********************************************************************************

********************************************************************************
Email stored not sent on 2025-04-10 17:37:18.372346: Price Spike SUGAR16

Spike found in prices for SUGAR16/20260100: need to manually check by running interactive_manual_check_historical_prices
********************************************************************************

********************************************************************************
Email stored not sent on 2025-04-10 17:37:47.068784: Price Spike TOPIX

Spike found in prices for TOPIX/20250600: need to manually check by running interactive_manual_check_historical_prices
********************************************************************************

********************************************************************************
Email stored not sent on 2025-04-10 17:42:20.597862: Price Spike V2X

Spike found in prices for V2X/20250400: need to manually check by running interactive_manual_check_historical_prices
********************************************************************************

********************************************************************************
Email stored not sent on 2025-04-10 17:42:29.999525: Price Spike VIX

Spike found in prices for VIX/20250400: need to manually check by running interactive_manual_check_historical_prices
********************************************************************************

********************************************************************************
Email stored not sent on 2025-04-10 17:42:32.512051: Price Spike VIX

To reduce email load, won't send any more emails with this subject today. Use 'interactive_diagnostics', 'Emails' to see stored messages
********************************************************************************

********************************************************************************
Email stored not sent on 2025-04-10 17:42:32.515050: Price Spike VIX

Spike found in prices for VIX/20250500: need to manually check by running interactive_manual_check_historical_prices
********************************************************************************

********************************************************************************
Email stored not sent on 2025-04-10 17:42:38.478653: Price Spike VIX

Spike found in prices for VIX/20250900: need to manually check by running interactive_manual_check_historical_prices
********************************************************************************

********************************************************************************
Email stored not sent on 2025-04-10 17:42:44.413931: Price Spike VIX_mini

Spike found in prices for VIX_mini/20250400: need to manually check by running interactive_manual_check_historical_prices
********************************************************************************

********************************************************************************
Email stored not sent on 2025-04-10 17:44:33.853693: Price Spike WHEY

Spike found in prices for WHEY/20250700: need to manually check by running interactive_manual_check_historical_prices
********************************************************************************

